effca,effef,comcau,delta,delta2,delta.i1,delta.i2,delta.i3,delta.i4,delta.i5,delta.i6,delta.i7,delta2.i1,delta2.i2,delta2.i3,delta2.i4,delta2.i5,delta2.i6,delta2.i7,ca.ef,ef.ca,I1.i1,I1.i2,I1.i3,I1.i4,I1.i5,I1.i6,I1.i7,I1.j1,I1.j2,I1.j3,I1.j4,I1.j5,I1.j6,I1.j7,I2.i1,I2.i2,I2.i3,I2.i4,I2.i5,I2.i6,I2.i7,I2.j1,I2.j2,I2.j3,I2.j4,I2.j5,I2.j6,I2.j7,I3.i1,I3.i2,I3.i3,I3.i4,I3.i5,I3.i6,I3.i7,I3.j1,I3.j2,I3.j3,I3.j4,I3.j5,I3.j6,I3.j7,Int3.i1,Int3.i2,Int3.i3,Int3.i4,Int3.i5,Int3.i6,Int3.i7,Int3.j1,Int3.j2,Int3.j3,Int3.j4,Int3.j5,Int3.j6,Int3.j7,gini.delta,gini.delta2,gini.ca.ef,gini.ef.ca,0
-0.380402524102153,-5.383843255265989e-16,0.5234186872962119,0.0,0.0,0.0,0.0,0.0,0.0,0.0,0.0,0.0,0.0,0.0,0.0,0.0,0.0,0.0,0.0,0.5281041137585349,0.5227762006619868,0.020783480883245012,0.041566961766490024,0.10391740441622505,0.2078348088324501,0.603417404416225,0.84076696176649,0.9198834808832449,0.052810411375853496,0.10562082275170699,0.26405205687926747,0.5281041137585349,0.7635520568792675,0.904820822751707,0.9519104113758534,0.020666584845312926,0.04133316969062585,0.10333292422656462,0.20666584845312924,0.5919196705403854,0.8230719637927391,0.9001227282101902,0.0,0.0,0.0,0.0,0.4887115530738178,0.7819384849181086,0.8796807955328719,0.0,0.0,0.0,0.0,0.12894920501475338,0.32828859349830986,0.3494667313199272,0.0,0.0,0.0,0.005023858612441908,0.20666584845312924,0.6216743870473924,0.7994239398375168,-0.4778303203142525,-0.42755652686997003,-0.2767351465371227,-0.025366179315710502,-0.012683089657855251,-0.005073235863142099,-0.0025366179315710526,-0.18467401387443208,-0.1748547119514989,-0.14539680618269932,-0.09630029656803335,0.055182775942547946,0.14607261944889674,0.17636923395101295,0.0013971120242163015,0.0,0.433072869861554,0.4853865755903849,1
-4.167654707319461e-16,-3.3090255328319077e-16,0.5531423853042525,0.0,0.0,0.0,0.0,0.0,0.0,0.0,0.0,0.0,0.0,0.0,0.0,0.0,0.0,0.0,0.0,0.5227762006619868,0.5281041137585349,0.03227583069727923,0.06455166139455847,0.16137915348639614,0.3227583069727923,0.4254312103656636,0.48703495240138645,0.5075695330799607,0.05227762006619868,0.10455524013239736,0.2613881003309934,0.5227762006619868,0.7608881003309934,0.9037552401323974,0.9513776200661986,0.0,0.0,0.0,0.0,0.06447460250737669,0.1031593640118027,0.11605428451327802,0.020666584845312926,0.04133316969062585,0.10333292422656462,0.20666584845312924,0.5919196705403854,0.8230719637927391,0.9001227282101902,0.0,0.0,0.0,0.02191373432042263,0.21447268486733836,0.6180331476906937,0.7976033201591675,0.0,0.0,0.0,0.0,0.12894920501475338,0.39377694064006,0.4342912586344656,-0.4779742544745061,-0.43317230828702535,-0.2987664697245832,-0.07475673878717959,0.06595455483297483,0.15038133100506748,0.17852358972909832,-0.1775806021491998,-0.16066788850103433,-0.1099297475565379,-0.025366179315710502,0.022508948421028054,0.05123402506307119,0.060809050610418885,0.0,0.0,0.4853865755903849,0.433072869861554,0
-0.1978559543766144,1.2285313752504048e-16,0.39071807815990933,0.0,0.0,0.0,0.0,0.0,0.0,0.0,0.0,0.0,0.0,0.0,0.0,0.0,0.0,0.0,0.0,0.08530227551007408,0.07475673878717959,0.029896668884914324,0.05979333776982865,0.14948334442457162,0.29896668884914324,0.6489833444245716,0.8589933377698287,0.9289966688849143,0.008530227551007408,0.017060455102014815,0.04265113775503704,0.08530227551007408,0.542151137755037,0.8162604551020148,0.9076302275510073,0.1912974608890678,0.1938724857755423,0.20159756043496582,0.21447268486733836,0.6012884528105669,0.8333779135765039,0.9107410671651495,0.03094997563142129,0.06189995126284258,0.15474987815710645,0.3094997563142129,0.6488690552438596,0.8524906346016478,0.9203644943875771,0.0,0.0,0.0,0.0,0.10717203872703075,0.32990343751191137,0.4872262842580303,0.0,0.0,0.0,0.0532954386416045,0.21447268486733836,0.6238605326726232,0.805982376713209,-0.29453531030726043,-0.2712871953297953,-0.20154285039739983,-0.08530227551007408,0.11295983698961817,0.23191710448943353,0.2715695269893719,-0.18467401387443208,-0.1748547119514989,-0.14539680618269932,-0.09630029656803335,0.055182775942547946,0.14607261944889674,0.17636923395101295,0.0,0.0,0.06608034862258094,0.08409861128985141,1
4.903285641506244e-16,3.767090119343081e-16,0.37826451390730637,0.0,0.0,0.0,0.0,0.0,0.0,0.0,0.0,0.0,0.0,0.0,0.0,0.0,0.0,0.0,0.0,0.07475673878717959,0.08530227551007408,0.008530227551007408,0.017060455102014815,0.04265113775503704,0.08530227551007408,0.20403029124143318,0.2752671006802487,0.29901270382652045,0.007475673878717959,0.014951347757435918,0.037378369393589794,0.07475673878717959,0.5368783693935898,0.8141513477574359,0.9065756738787178,0.02512420141388518,0.05024840282777036,0.1256210070694259,0.2512420141388518,0.2803708852265323,0.2978482078791407,0.3036739820966768,0.01887224360025933,0.03774448720051866,0.09436121800129664,0.18872243600259328,0.5884133283781943,0.8282278638035548,0.9081660422786749,0.0,0.0,0.0,0.02191373432042263,0.21447268486733836,0.6202192933159245,0.8041617570348597,0.0,0.0,0.0,0.0,0.2512420141388518,0.32845310074894113,0.3663597896183975,-0.4779742544745061,-0.43317230828702535,-0.2987664697245832,-0.07475673878717959,0.06595455483297483,0.15038133100506748,0.17852358972909832,-0.31685033085104247,-0.31591723641735936,-0.3131179531163101,-0.30845248094789457,-0.1006402211104319,0.024047134792045705,0.06560958675953818,0.0,0.0,0.08409861128985141,0.06608034862258094,0
2.3922745052102366e-17,-2.183021829143768e-16,0.3745664046298191,0.0,0.0,0.0,0.0,0.0,0.0,0.0,0.0,0.0,0.0,0.0,0.0,0.0,0.0,0.0,0.0,0.0,0.0,0.029896668884914324,0.05979333776982865,0.14948334442457162,0.29896668884914324,0.303987498691784,0.30699998459736844,0.3080041465658966,0.001351414320412292,0.002702828640824584,0.00675707160206146,0.01351414320412292,0.26814517193305487,0.42092378917041406,0.4718499949162004,0.037351978164285725,0.07470395632857145,0.1867598908214286,0.3735197816428572,0.42416267913586425,0.4545484176316684,0.46467699713026983,0.0099528434013553,0.0199056868027106,0.0497642170067765,0.099528434013553,0.3745451044865575,0.5395551067703601,0.594558440864961,0.0,0.0,0.0,0.10717203872703075,0.3094997563142129,0.7125008938538254,0.8484044195531771,0.0,0.0,0.0,0.0698890687683044,0.3735197816428572,0.5776367029239928,0.7832989555142355,-0.29453531030726043,-0.2712871953297953,-0.20154285039739983,-0.08530227551007408,0.11295983698961817,0.23191710448943353,0.2715695269893719,-0.1775806021491998,-0.16066788850103433,-0.1099297475565379,-0.025366179315710502,0.022508948421028054,0.05123402506307119,0.060809050610418885,0.0,0.0,0.0,0.0,1
-1.380095619372484e-16,4.2704449808722447e-16,0.3515896464660579,0.0,0.0,0.0,0.0,0.0,0.0,0.0,0.0,0.0,0.0,0.0,0.0,0.0,0.0,0.0,0.0,0.0,0.0,0.001351414320412292,0.002702828640824584,0.00675707160206146,0.01351414320412292,0.1106744760182865,0.16897067570678467,0.18840274226961737,0.007475673878717959,0.014951347757435918,0.037378369393589794,0.07475673878717959,0.19188252366080216,0.26215799458497574,0.2855831515597002,0.0099528434013553,0.0199056868027106,0.0497642170067765,0.099528434013553,0.2518974562507035,0.3433188695929938,0.3737926740404238,0.031490738590455376,0.06298147718091075,0.15745369295227687,0.31490738590455375,0.3442135837737055,0.36179730249519654,0.3676585420690269,0.0,0.0,0.0,0.0698890687683044,0.3176995245875011,0.49430813693413156,0.7416346725193048,0.0,0.0,0.0,0.10717203872703075,0.3094997563142129,0.5202747718407891,0.7522913585466589,-0.4778303203142525,-0.42755652686997003,-0.2767351465371227,-0.025366179315710502,-0.012683089657855251,-0.005073235863142099,-0.0025366179315710526,-0.31685033085104247,-0.31591723641735936,-0.3131179531163101,-0.30845248094789457,-0.1006402211104319,0.024047134792045705,0.06560958675953818,0.0,0.0,0.0,0.0,0
0.39774694901244395,-1.301783864378121e-16,0.24926060094874086,0.24926060094874072,0.0,0.0,0.0,0.0,0.0,0.0,0.0,0.0,0.02646965746473467,0.05293931492946934,0.13234828732367335,0.2646965746473467,0.2646965746473467,0.2646965746473467,0.2646965746473467,0.0,0.0,0.0025366179315710505,0.005073235863142101,0.012683089657855251,0.025366179315710502,0.17157480230021804,0.2592999760909226,0.28854170068782403,0.008530227551007408,0.017060455102014815,0.04265113775503704,0.08530227551007408,0.3067031946343045,0.4395437461088428,0.48382392993368883,0.009851016615358168,0.014678174618274427,0.029159648627023204,0.0532954386416045,0.29304752464696726,0.436898776250185,0.48484919345125743,0.03740403762121805,0.0748080752424361,0.18702018810609025,0.3740403762121805,0.4440401780477782,0.48604005914913684,0.5000400195162563,0.0,0.0,0.0,0.00897334076334806,0.40656492557722496,0.985052882540631,0.9869406083601908,0.0020095434449767633,0.0040190868899535265,0.0532954386416045,0.20666584845312924,0.5327996106523301,0.9793596382528723,0.9837319295033338,-0.27945889200139457,-0.24990947546836437,-0.16126122586927383,-0.01351414320412292,-0.0022704012203874305,0.004475843969853865,0.006724592366600959,-0.18467401387443208,-0.1748547119514989,-0.14539680618269932,-0.09630029656803335,0.055182775942547946,0.14607261944889674,0.17636923395101295,0.3030837281565262,0.0,0.0,0.0,1
-1.301783864378121e-16,3.9499069520435447e-16,0.2646965746473467,0.0,0.0,0.0,0.0,0.0,0.0,0.0,0.0,0.0,0.0,0.0,0.0,0.0,0.0,0.0,0.0,0.0,0.0,0.008530227551007408,0.017060455102014815,0.04265113775503704,0.08530227551007408,0.3067031946343045,0.4395437461088428,0.48382392993368883,0.0025366179315710505,0.005073235863142101,0.012683089657855251,0.025366179315710502,0.17157480230021804,0.2592999760909226,0.28854170068782403,0.03740403762121805,0.0748080752424361,0.18702018810609025,0.3740403762121805,0.4440401780477782,0.48604005914913684,0.5000400195162563,0.0005023858612441908,0.0010047717224883816,0.002511929306220954,0.005023858612441908,0.268911734632386,0.4272444602443525,0.4800220354483412,0.0,0.0,0.0,0.18872243600259328,0.5282480614564568,0.9793596382528723,0.9837319295033338,0.0,0.0,0.0,0.00897334076334806,0.5140399798833759,0.985052882540631,0.9869406083601908,-0.4779742544745061,-0.43317230828702535,-0.2987664697245832,-0.07475673878717959,0.06595455483297483,0.15038133100506748,0.17852358972909832,-0.27945889200139457,-0.24990947546836437,-0.16126122586927383,-0.01351414320412292,-0.0022704012203874305,0.004475843969853865,0.006724592366600959,0.0,0.0,0.0,0.0,0
-1.3138400048505841e-16,-2.4022211697339432e-16,0.051423630942132134,0.0,0.0,0.0,0.0,0.0,0.0,0.0,0.0,0.0,0.0,0.0,0.0,0.0,0.0,0.0,0.0,0.01351414320412292,0.025366179315710502,0.0025366179315710505,0.005073235863142101,0.012683089657855251,0.025366179315710502,0.5121830896578552,0.8042732358631421,0.9016366179315709,0.001351414320412292,0.002702828640824584,0.00675707160206146,0.01351414320412292,0.5062570716020615,0.8019028286408246,0.9004514143204122,0.006988906876830441,0.013977813753660882,0.0349445343841522,0.0698890687683044,0.5294251384363915,0.8051467802372438,0.8970539941708611,0.00023156681795536089,0.00046313363591072177,0.0011578340897768044,0.002315668179553609,0.4955720011796522,0.7915258009797115,0.890177067579731,0.0,0.0,0.0,0.0,0.30591217468971443,0.5230176072977302,0.7559229707387403,0.0,0.0,0.0,0.0,0.3735197816428572,0.5776367029239928,0.7832989555142355,-0.27945889200139457,-0.24990947546836437,-0.16126122586927383,-0.01351414320412292,-0.0022704012203874305,0.004475843969853865,0.006724592366600959,-0.1775806021491998,-0.16066788850103433,-0.1099297475565379,-0.025366179315710502,0.022508948421028054,0.05123402506307119,0.060809050610418885,0.0,0.0,0.03142084543130941,0.0,1
-2.4022211697339432e-16,-3.1939891854185207e-16,0.06678579775442457,0.0,0.0,0.0,0.0,0.0,0.0,0.0,0.0,0.0,0.0,0.0,0.0,0.0,0.0,0.0,0.0,0.025366179315710502,0.01351414320412292,0.001351414320412292,0.002702828640824584,0.00675707160206146,0.01351414320412292,0.5062570716020615,0.8019028286408246,0.9004514143204122,0.0025366179315710505,0.005073235863142101,0.012683089657855251,0.025366179315710502,0.5121830896578552,0.8042732358631421,0.9016366179315709,0.00023156681795536089,0.00046313363591072177,0.0011578340897768044,0.002315668179553609,0.4955720011796522,0.7915258009797115,0.890177067579731,0.0,0.0,0.0,0.0,0.4944806040522393,0.7911689664835829,0.8900650872940307,0.0,0.0,0.0,0.0,0.3176995245875011,0.49430813693413156,0.7416346725193048,0.0,0.0,0.0,0.0,0.3740403762121805,0.608997650742651,0.7989129924612006,-0.4778303203142525,-0.42755652686997003,-0.2767351465371227,-0.025366179315710502,-0.012683089657855251,-0.005073235863142099,-0.0025366179315710526,-0.27945889200139457,-0.24990947546836437,-0.16126122586927383,-0.01351414320412292,-0.0022704012203874305,0.004475843969853865,0.006724592366600959,0.0,0.0,0.0,0.03142084543130941,0
1.0882590147738725e-16,2.322719780483396e-16,0.4893321395962451,0.0,0.0,0.0,0.0,0.0,0.0,0.0,0.0,0.0,0.0,0.0,0.0,0.0,0.0,0.0,0.0,0.30900830853442474,0.3177834252847256,0.03177834252847256,0.06355668505694512,0.1588917126423628,0.3177834252847256,0.6583917126423628,0.8627566850569451,0.9308783425284725,0.030900830853442474,0.06180166170688495,0.15450415426721237,0.30900830853442474,0.6540041542672124,0.861001661706885,0.9300008308534424,0.010717203872703076,0.021434407745406153,0.053586019363515376,0.10717203872703075,0.54573999198978,0.8088807639474296,0.8965943545999793,0.0008973340763348061,0.0017946681526696121,0.00448667038167403,0.00897334076334806,0.49654118019709953,0.7890818838573505,0.8865954517441006,0.0,0.0,0.0,0.0,0.30591217468971443,0.5220737443879503,0.7530913820094003,0.0,0.0,0.0,0.0,0.10717203872703075,0.5202747718407891,0.7522913585466589,-0.27945889200139457,-0.24990947546836437,-0.16126122586927383,-0.01351414320412292,-0.0022704012203874305,0.004475843969853865,0.006724592366600959,-0.31685033085104247,-0.31591723641735936,-0.3131179531163101,-0.30845248094789457,-0.1006402211104319,0.024047134792045705,0.06560958675953818,0.0,0.0,0.27644399408974674,0.2357847602015941,1
2.322719780483396e-16,1.2217497372494875e-16,0.5088438380996106,0.0,0.0,0.0,0.0,0.0,0.0,0.0,0.0,0.0,0.0,0.0,0.0,0.0,0.0,0.0,0.0,0.3177834252847256,0.30900830853442474,0.030900830853442474,0.06180166170688495,0.15450415426721237,0.30900830853442474,0.6540041542672124,0.861001661706885,0.9300008308534424,0.03177834252847256,0.06355668505694512,0.1588917126423628,0.3177834252847256,0.6583917126423628,0.8627566850569451,0.9308783425284725,0.0008973340763348061,0.0017946681526696121,0.00448667038167403,0.00897334076334806,0.49654118019709953,0.7890818838573505,0.8865954517441006,0.031122194948931044,0.06224438989786209,0.1556109747446552,0.3112219494893104,0.6477649473709198,0.8496907460998855,0.9169993456762072,0.0,0.0,0.0,0.0,0.3094997563142129,0.7125008938538254,0.8484044195531771,0.0,0.0,0.0,0.0,0.3740403762121805,0.608053787832871,0.7960814037318608,-0.29453531030726043,-0.2712871953297953,-0.20154285039739983,-0.08530227551007408,0.11295983698961817,0.23191710448943353,0.2715695269893719,-0.27945889200139457,-0.24990947546836437,-0.16126122586927383,-0.01351414320412292,-0.0022704012203874305,0.004475843969853865,0.006724592366600959,0.0,0.0,0.2357847602015941,0.27644399408974674,0
-0.005912408934646617,-0.007567487184117067,0.0,0.0,0.0,0.0,0.0,0.0,0.0,0.0,0.0,0.0,0.0,0.0,0.0,0.0,0.0,0.0,0.0,0.3227583069727923,0.3339352148533966,0.2058892323124182,0.21728514882747113,0.2514728983726299,0.30845248094789457,0.6537262404739472,0.8608904961895789,0.9299452480947894,0.12958245933492016,0.17386264315976624,0.3067031946343045,0.5281041137585349,0.7635520568792675,0.904820822751707,0.9519104113758534,0.02026663922811099,0.04053327845622198,0.10133319614055494,0.2026663922811099,0.5933301892569457,0.8277284674424472,0.9058612268376143,0.03722544243195879,0.07445088486391759,0.18612721215979394,0.3722544243195879,0.6779918971414154,0.861434380834512,0.9225818753988775,0.0,0.0,0.0,0.18024706175478258,0.3722544243195879,0.98475859296021,0.9856350231264444,0.0,0.0,0.0,0.18872243600259328,0.21447268486733836,0.9793596382528723,0.9837319295033338,-0.142945272586877,-0.13536876883135507,-0.11263925756478926,-0.07475673878717959,0.0641545804725199,0.1475013720283396,0.17528363588027945,-0.18467401387443208,-0.1748547119514989,-0.14539680618269932,-0.09630029656803335,0.055182775942547946,0.14607261944889674,0.17636923395101295,0.0,0.0,0.2957410857870637,0.3086277154207191,1
3.078546215687097e-17,3.563492111329842e-16,0.0,0.0,0.0,0.0,0.0,0.0,0.0,0.0,0.0,0.0,0.0,0.0,0.0,0.0,0.0,0.0,0.0,0.3339352148533966,0.3227583069727923,0.1090478786563459,0.1327934818026177,0.20403029124143318,0.3227583069727923,0.4254312103656636,0.48703495240138645,0.5075695330799607,0.2058892323124182,0.21728514882747113,0.2514728983726299,0.30845248094789457,0.3211938479006456,0.3288386680722962,0.3313869414628464,0.0,0.0,0.0,0.0,0.18612721215979394,0.29780353945567034,0.3350289818876291,0.0,0.0,0.0,0.0,0.10133319614055494,0.16213311382488793,0.18239975305299888,0.0,0.0,0.0,0.18872243600259328,0.21447268486733836,0.9793596382528723,0.9837319295033338,0.0,0.0,0.0,0.18024706175478258,0.3722544243195879,0.98475859296021,0.9856350231264444,-0.4779742544745061,-0.43317230828702535,-0.2987664697245832,-0.07475673878717959,0.06595455483297483,0.15038133100506748,0.17852358972909832,-0.2898535008474739,-0.2807403128458046,-0.25340074884079666,-0.2078348088324501,-0.0023844545501153502,0.12088575801928551,0.1619758288757524,0.0,0.0,0.3086277154207191,0.2957410857870637,0
3.2746502921232393e-17,-0.26915206776791106,0.22775838372887122,0.0,0.0,0.0,0.0,0.0,0.0,0.0,0.0,0.0,0.0,0.0,0.0,0.0,0.0,0.0,0.0,0.2078348088324501,0.19449331579736528,0.01944933157973653,0.03889866315947306,0.09724665789868264,0.19449331579736528,0.5967466578986826,0.8380986631594731,0.9185493315797364,0.05227762006619868,0.10455524013239736,0.2613881003309934,0.5227762006619868,0.7608881003309934,0.9037552401323974,0.9513776200661986,0.007038407615776661,0.014076815231553323,0.035192038078883305,0.07038407615776661,0.5283355949664681,0.803106506251689,0.8946968100134292,0.22223554776102816,0.2414051957898369,0.2989141398762632,0.394762380020307,0.6906369166564928,0.8681616386382044,0.9273365459654415,0.0,0.0,0.0,0.16196597702453489,0.3722544243195879,0.5288686255088171,0.7576900394007476,0.0,0.0,0.0,0.0,0.12894920501475338,0.39377694064006,0.4342912586344656,-0.142945272586877,-0.13536876883135507,-0.11263925756478926,-0.07475673878717959,0.0641545804725199,0.1475013720283396,0.17528363588027945,-0.1775806021491998,-0.16066788850103433,-0.1099297475565379,-0.025366179315710502,0.022508948421028054,0.05123402506307119,0.060809050610418885,0.0,0.0,0.13872141683512917,0.16806708648340818,1
2.9617040934945187e-16,-4.158156569186126e-16,0.20769778329757568,0.0,0.0,0.0,0.0,0.0,0.0,0.0,0.0,0.0,0.0,0.0,0.0,0.0,0.0,0.0,0.0,0.19449331579736528,0.2078348088324501,0.020783480883245012,0.041566961766490024,0.10391740441622505,0.2078348088324501,0.603417404416225,0.84076696176649,0.9198834808832449,0.01944933157973653,0.03889866315947306,0.09724665789868264,0.19449331579736528,0.26421426532538095,0.3060468350421903,0.31999102494779347,0.02030658997322194,0.04061317994644388,0.1015329498661097,0.2030658997322194,0.594788676512449,0.8298223425805868,0.9081668979366326,0.007038407615776661,0.014076815231553323,0.035192038078883305,0.07038407615776661,0.0965455732218916,0.11224247146036659,0.11747477087319158,0.0,0.0,0.0,0.0,0.12894920501475338,0.32828859349830986,0.3494667313199272,0.0,0.0,0.0,0.14237596388476184,0.3722544243195879,0.5340029341351519,0.7602571937139151,-0.4778303203142525,-0.42755652686997003,-0.2767351465371227,-0.025366179315710502,-0.012683089657855251,-0.005073235863142099,-0.0025366179315710526,-0.2898535008474739,-0.2807403128458046,-0.25340074884079666,-0.2078348088324501,-0.0023844545501153502,0.12088575801928551,0.1619758288757524,0.0,0.0,0.16806708648340818,0.13872141683512917,0
-4.961871926016589e-17,-0.30437508755507603,0.30353801502106287,0.0,0.0,0.0,0.0,0.0,0.0,0.0,0.0,0.0,0.0,0.0,0.0,0.0,0.0,0.0,0.0,0.29896668884914324,0.30845248094789457,0.03084524809478946,0.06169049618957892,0.15422624047394728,0.30845248094789457,0.6537262404739472,0.8608904961895789,0.9299452480947894,0.007475673878717959,0.014951347757435918,0.037378369393589794,0.07475673878717959,0.5368783693935898,0.8141513477574359,0.9065756738787178,0.00898684606254317,0.01797369212508634,0.04493423031271585,0.0898684606254317,0.5371990090315949,0.8055973380752928,0.8950634477565254,0.01802470617547826,0.03604941235095652,0.09012353087739129,0.18024706175478258,0.5822837198159376,0.8235057146526308,0.9039130462648617,0.0,0.0,0.0,0.09934783958468105,0.2030658997322194,0.5284304104256999,0.7563753941513962,0.0,0.0,0.0,0.0,0.2512420141388518,0.32845310074894113,0.3663597896183975,-0.142945272586877,-0.13536876883135507,-0.11263925756478926,-0.07475673878717959,0.0641545804725199,0.1475013720283396,0.17528363588027945,-0.31685033085104247,-0.31591723641735936,-0.3131179531163101,-0.30845248094789457,-0.1006402211104319,0.024047134792045705,0.06560958675953818,0.0,0.0,0.29714850756547917,0.2909637957274912,1
-1.1089514683505681e-17,1.1107447441279768e-16,0.3191759123393383,0.0,0.0,0.0,0.0,0.0,0.0,0.0,0.0,0.0,0.0,0.0,0.0,0.0,0.0,0.0,0.0,0.30845248094789457,0.29896668884914324,0.029896668884914324,0.05979333776982865,0.14948334442457162,0.29896668884914324,0.6489833444245716,0.8589933377698287,0.9289966688849143,0.03084524809478946,0.06169049618957892,0.15422624047394728,0.30845248094789457,0.3211938479006456,0.3288386680722962,0.3313869414628464,0.01802470617547826,0.03604941235095652,0.09012353087739129,0.18024706175478258,0.5822837198159376,0.8235057146526308,0.9039130462648617,0.00898684606254317,0.01797369212508634,0.04493423031271585,0.0898684606254317,0.1596070663931319,0.20145022985375205,0.21539795100729206,0.0,0.0,0.0,0.0,0.10717203872703075,0.32990343751191137,0.4872262842580303,0.0,0.0,0.0,0.14237596388476184,0.3722544243195879,0.5335647190520347,0.7589425484645635,-0.29453531030726043,-0.2712871953297953,-0.20154285039739983,-0.08530227551007408,0.11295983698961817,0.23191710448943353,0.2715695269893719,-0.2898535008474739,-0.2807403128458046,-0.25340074884079666,-0.2078348088324501,-0.0023844545501153502,0.12088575801928551,0.1619758288757524,0.0,0.0,0.2909637957274912,0.29714850756547917,0
-1.7209325699489944e-16,0.2360254682801836,0.009863261957724084,0.0,0.020724927540689997,0.0009863261957724085,0.001972652391544817,0.004931630978862042,0.009863261957724084,0.009863261957724084,0.009863261957724084,0.009863261957724084,0.0,0.0,0.0,0.0,0.0,0.0,0.0,0.0,0.0,0.01944933157973653,0.03889866315947306,0.09724665789868264,0.19449331579736528,0.2514728983726299,0.2856606479177887,0.2970565644328416,0.0025366179315710505,0.005073235863142101,0.012683089657855251,0.025366179315710502,0.17157480230021804,0.2592999760909226,0.28854170068782403,0.030807438762187084,0.06161487752437417,0.15403719381093542,0.30807438762187084,0.3538057627968221,0.38124458790179283,0.39039086293678305,0.09946388320126605,0.1042318921660989,0.11853591906059752,0.14237596388476184,0.28162588411526596,0.3651758362535684,0.3930258202996692,0.039739135833872424,0.07947827166774485,0.16196597702453489,0.2030658997322194,0.41445791856285163,0.98475859296021,0.9856350231264444,0.0,0.0,0.0,0.00897334076334806,0.5140399798833759,0.985052882540631,0.9869406083601908,-0.142945272586877,-0.13536876883135507,-0.11263925756478926,-0.07475673878717959,0.0641545804725199,0.1475013720283396,0.17528363588027945,-0.27945889200139457,-0.24990947546836437,-0.16126122586927383,-0.01351414320412292,-0.0022704012203874305,0.004475843969853865,0.006724592366600959,0.0,0.05045401826753402,0.0,0.0,1
-4.441675837857792e-16,-1.7209325699489944e-16,0.020724927540689997,0.0,0.0,0.0,0.0,0.0,0.0,0.0,0.0,0.0,0.0,0.0,0.0,0.0,0.0,0.0,0.0,0.0,0.0,0.0025366179315710505,0.005073235863142101,0.012683089657855251,0.025366179315710502,0.17157480230021804,0.2592999760909226,0.28854170068782403,0.01944933157973653,0.03889866315947306,0.09724665789868264,0.19449331579736528,0.2514728983726299,0.2856606479177887,0.2970565644328416,0.014237596388476185,0.02847519277695237,0.07118798194238092,0.14237596388476184,0.28162588411526596,0.3651758362535684,0.3930258202996692,0.030807438762187084,0.06161487752437417,0.15403719381093542,0.30807438762187084,0.3538057627968221,0.38124458790179283,0.39039086293678305,0.0,0.0,0.0,0.00897334076334806,0.40656492557722496,0.985052882540631,0.9869406083601908,0.0,0.0,0.0,0.18024706175478258,0.42087580434577004,0.98475859296021,0.9856350231264444,-0.27945889200139457,-0.24990947546836437,-0.16126122586927383,-0.01351414320412292,-0.0022704012203874305,0.004475843969853865,0.006724592366600959,-0.2898535008474739,-0.2807403128458046,-0.25340074884079666,-0.2078348088324501,-0.0023844545501153502,0.12088575801928551,0.1619758288757524,0.0,0.0,0.0,0.0,0
-0.18311369530198537,4.278837860326093e-17,0.0,0.0,0.0,0.0,0.0,0.0,0.0,0.0,0.0,0.0,0.0,0.0,0.0,0.0,0.0,0.0,0.0,0.0,0.0,0.0,0.0,0.0,0.0,0.018066531771924965,0.028906450835079946,0.03251975718946493,0.0,0.0,0.0,0.0,0.09900862159886464,0.15841379455818344,0.17821551887795634,0.0,0.0,0.0,0.0,0.06438875303087342,0.10302200484939748,0.11589975545557214,0.0,0.0,0.0,0.0,0.13545517488410094,0.21672827981456153,0.24381931479138166,0.0,0.0,0.0,0.0,0.2926102122556666,0.9889654468762086,0.9894866958162214,0.0,0.0,0.0,0.0,0.12877750606174684,0.9870799325670654,0.9883339691176433,-0.0438892260253417,-0.039012645355859285,-0.024382903347412055,0.0,0.0009222084911403089,0.0014755335858244942,0.0016599752840525557,-0.04614433537405878,-0.04101718699916336,-0.0256357418744771,0.0,0.0,0.0,0.0,0.0,0.0,0.0,0.0,1
-2.928736334313949e-16,-1.3573642361048715e-16,0.0,0.0,0.0,0.0,0.0,0.0,0.0,0.0,0.0,0.0,0.0,0.0,0.0,0.0,0.0,0.0,0.0,0.0,0.0,0.0003000721709641274,0.0006001443419282549,0.001500360854820637,0.003000721709641274,0.10050898245368528,0.1590139389001117,0.17851559104892048,0.0036133063543849933,0.007226612708769987,0.018066531771924965,0.03613306354384993,0.5175665317719249,0.80642661270877,0.9027133063543848,0.00674501105238689,0.01349002210477378,0.03372505526193445,0.0674501105238689,0.1691802301460354,0.2302183019193353,0.2505643258437686,0.012877750606174685,0.02575550121234937,0.06438875303087342,0.12877750606174684,0.5594090822046285,0.8177880278903575,0.9039143431189338,0.0,0.0,0.0,0.07837722216176589,0.12877750606174684,0.9871704631029231,0.9886055607252167,0.0,0.0,0.0,0.0,0.2709103497682019,0.43182913428577385,0.7102669783459876,-0.1908941394604194,-0.1696836795203728,-0.106052299700233,0.0,0.03869868330205578,0.061917893283289255,0.0696576299437004,-0.0438892260253417,-0.039012645355859285,-0.024382903347412055,0.0,0.08148075317247325,0.1303692050759572,0.14666535571045183,0.0,0.0,0.0,0.0,0
-0.2263603149409157,1.2254506546577717e-16,0.14341409292952131,0.0,0.0,0.0,0.0,0.0,0.0,0.0,0.0,0.0,0.0,0.0,0.0,0.0,0.0,0.0,0.0,0.1980172431977293,0.212104599400466,0.016404201990394652,0.032808403980789304,0.08202100995197326,0.1640420199039465,0.5815210099519732,0.8320084039807893,0.9155042019903946,0.01980172431977293,0.03960344863954586,0.09900862159886464,0.1980172431977293,0.5985086215988646,0.8388034486395459,0.9189017243197728,0.007837722216176589,0.015675444432353178,0.039188611080882944,0.07837722216176589,0.5324150682267712,0.8048377758657743,0.8956453450787752,0.0,0.0,0.0,0.0,0.4931068658926128,0.7889709854281806,0.8875923586067029,0.0,0.0,0.0,0.0,0.0,0.027977419748058816,0.08393225924417633,0.0,0.0,0.0,0.0,0.07837722216176589,0.30031258770775293,0.6433827509997643,-0.18182882523234134,-0.16564040726695342,-0.11707515337078961,-0.03613306354384993,-0.018066531771924965,-0.007226612708769985,-0.0036133063543849963,-0.04614433537405878,-0.04101718699916336,-0.0256357418744771,0.0,0.0,0.0,0.0,0.0,0.0,0.20361006486476507,0.18471501726021855,1
5.01356616118685e-17,8.682767716469692e-17,0.1527667478055807,0.0,0.0,0.0,0.0,0.0,0.0,0.0,0.0,0.0,0.0,0.0,0.0,0.0,0.0,0.0,0.0,0.212104599400466,0.1980172431977293,0.0003000721709641274,0.0006001443419282549,0.001500360854820637,0.003000721709641274,0.10050898245368528,0.1590139389001117,0.17851559104892048,0.0650996859653883,0.0814335652359525,0.13043520304764505,0.212104599400466,0.6055522997002329,0.8416209198800932,0.9203104599400466,0.0,0.0,0.0,0.0,0.0,0.0,0.0,0.01135304301479615,0.0227060860295923,0.056765215073980746,0.11353043014796149,0.549991672219869,0.8118684174630134,0.8991606658773948,0.0,0.0,0.0,0.07837722216176589,0.12877750606174684,0.9871704631029231,0.9886055607252167,0.0,0.0,0.0,0.0,0.0,0.3096209547507106,0.6490886667715432,-0.1908941394604194,-0.1696836795203728,-0.106052299700233,0.0,0.03869868330205578,0.061917893283289255,0.0696576299437004,-0.12029714167403308,-0.11094557743734605,-0.08289088472728501,-0.03613306354384993,0.05187701759822201,0.10468306628346519,0.12228508251187956,0.0,0.0,0.18471501726021855,0.20361006486476507,0
-9.241389636434328e-18,-1.536922583621693e-16,0.2890578084978338,0.0,0.0,0.0,0.0,0.0,0.0,0.0,0.0,0.0,0.0,0.0,0.0,0.0,0.0,0.0,0.0,0.03613306354384993,0.04876580669482411,0.06029342801573635,0.0718210493366486,0.10640391329938531,0.1640420199039465,0.5815210099519732,0.8320084039807893,0.9155042019903946,0.0036133063543849933,0.007226612708769987,0.018066531771924965,0.03613306354384993,0.5175665317719249,0.80642661270877,0.9027133063543848,0.02926102122556666,0.05852204245113332,0.1463051061278333,0.2926102122556666,0.6406575173309343,0.8494859003760951,0.9190953613911486,0.0,0.0,0.0,0.0,0.49427818939618823,0.7908451030339012,0.8897007409131388,0.0,0.0,0.0,0.0,0.0,0.3096209547507106,0.6490886667715432,0.0,0.0,0.0,0.0,0.2709103497682019,0.43182913428577385,0.7102669783459876,-0.18182882523234134,-0.16564040726695342,-0.11707515337078961,-0.03613306354384993,-0.018066531771924965,-0.007226612708769985,-0.0036133063543849963,-0.0438892260253417,-0.039012645355859285,-0.024382903347412055,0.0,0.08148075317247325,0.1303692050759572,0.14666535571045183,0.0,0.0,0.04039619064849298,0.043341642261898516,1
1.1369221144219233e-16,-1.1845944564573135e-16,0.268556326056858,0.0,0.0,0.0,0.0,0.0,0.0,0.0,0.0,0.0,0.0,0.0,0.0,0.0,0.0,0.0,0.0,0.04876580669482411,0.03613306354384993,0.0036133063543849933,0.007226612708769987,0.018066531771924965,0.03613306354384993,0.5175665317719249,0.80642661270877,0.9027133063543848,0.0048765806694824115,0.009753161338964823,0.024382903347412055,0.04876580669482411,0.523882903347412,0.8089531613389649,0.9039765806694824,0.013988709874029396,0.027977419748058792,0.06994354937014698,0.13988709874029395,0.5642217387663352,0.81882252278196,0.9036894507871681,0.00018444169822806177,0.00036888339645612354,0.0009222084911403089,0.0018444169822806177,0.4952746196942414,0.791332741321418,0.8900187818638099,0.0,0.0,0.0,0.0,0.0,0.43182913428577385,0.7102669783459876,0.0,0.0,0.0,0.0,0.03860274838321407,0.3096209547507106,0.6490886667715432,-0.0438892260253417,-0.039012645355859285,-0.024382903347412055,0.0,0.0009222084911403089,0.0014755335858244942,0.0016599752840525557,-0.12029714167403308,-0.11094557743734605,-0.08289088472728501,-0.03613306354384993,0.05187701759822201,0.10468306628346519,0.12228508251187956,0.0,0.0,0.043341642261898516,0.04039619064849298,0
-0.04450924845069779,-2.0186133273529968e-16,0.0,0.0,0.0,0.0,0.0,0.0,0.0,0.0,0.0,0.0,0.0,0.0,0.0,0.0,0.0,0.0,0.0,0.0,0.0,0.0,0.0,0.0,0.0,0.4995,0.7992,0.8990999999999999,0.01980172431977293,0.03960344863954586,0.09900862159886464,0.1980172431977293,0.5985086215988646,0.8388034486395459,0.9189017243197728,0.0,0.0,0.0,0.0,0.4947940028341106,0.791670404534577,0.8906292051013991,0.023087904417877357,0.046175808835754714,0.11543952208938678,0.23087904417877356,0.6102533497671001,0.8378779331200962,0.9137527942377613,0.0,0.0,0.0,0.0,0.19789997183947033,0.3826161104597487,0.6860902430216984,0.0,0.0,0.0,0.0,0.07837722216176589,0.9870799325670654,0.9883339691176433,0.0,0.0,0.0,0.0,0.007474460853690579,0.011959137365904926,0.01345402953664304,-0.04614433537405878,-0.04101718699916336,-0.0256357418744771,0.0,0.0,0.0,0.0,0.0,0.0,0.0,0.0,1
-9.217004514559835e-17,3.429217668535864e-17,0.0,0.0,0.0,0.0,0.0,0.0,0.0,0.0,0.0,0.0,0.0,0.0,0.0,0.0,0.0,0.0,0.0,0.0,0.0,0.0,0.0,0.0,0.0,0.001500360854820637,0.0024005773677130194,0.0027006495386771466,0.0,0.0,0.0,0.0,0.0,0.0,0.0,0.0,0.0,0.0,0.0,0.03420781760621617,0.054732508169945876,0.0615740716911891,0.0,0.0,0.0,0.0,0.0,0.0,0.0,0.0,0.0,0.0,0.0,0.07837722216176589,0.2888324757878714,0.6394365670676905,0.0,0.0,0.0,0.0,0.07780318751455821,0.35631741646434933,0.6731523057141069,-0.1908941394604194,-0.1696836795203728,-0.106052299700233,0.0,0.03869868330205578,0.061917893283289255,0.0696576299437004,0.0,0.0,0.0,0.0,0.0,0.0,0.0,0.0,0.0,0.0,0.0,0
8.087515322908442e-18,3.5023499127571614e-16,0.0,0.0,0.0,0.0,0.0,0.0,0.0,0.0,0.0,0.0,0.0,0.0,0.0,0.0,0.0,0.0,0.0,0.0,0.0,0.0,0.0,0.0,0.0,0.0,0.0,0.0,0.0,0.0,0.0,0.0,0.018066531771924965,0.028906450835079946,0.03251975718946493,0.0,0.0,0.0,0.0,0.0,0.0,0.0,0.0,0.0,0.0,0.0,0.04408962638299496,0.07054340221279194,0.07936132748939093,0.0,0.0,0.0,0.06841563521243234,0.19789997183947033,0.3826161104597487,0.6860902430216984,0.0,0.0,0.0,0.0,0.2709103497682019,0.43182913428577385,0.7102669783459876,0.0,0.0,0.0,0.0,0.007474460853690579,0.011959137365904926,0.01345402953664304,-0.0438892260253417,-0.039012645355859285,-0.024382903347412055,0.0,0.08148075317247325,0.1303692050759572,0.14666535571045183,0.0,0.0,0.0,0.0,1
-2.7258102369943163e-17,1.834621538603755e-18,0.0,0.0,0.0,0.0,0.0,0.0,0.0,0.0,0.0,0.0,0.0,0.0,0.0,0.0,0.0,0.0,0.0,0.0,0.0,0.0,0.0,0.0,0.0,0.4995,0.7992,0.8990999999999999,0.0,0.0,0.0,0.0,0.4995,0.7992,0.8990999999999999,0.0,0.0,0.0,0.0,0.49499359748193245,0.791989755971092,0.8909884754674783,0.0,0.0,0.0,0.0,0.4950039723781171,0.7920063558049875,0.8910071502806107,0.0,0.0,0.0,0.0,0.0018444169822806177,0.4320897587557802,0.711048851756007,0.0,0.0,0.0,0.0,0.07780318751455821,0.35631741646434933,0.6731523057141069,-0.0438892260253417,-0.039012645355859285,-0.024382903347412055,0.0,0.0009222084911403089,0.0014755335858244942,0.0016599752840525557,0.0,0.0,0.0,0.0,0.0,0.0,0.0,0.0,0.0,0.0,0.0,0
-9.063310065658461e-17,-7.855422700880227e-18,0.05188713956035296,0.0,0.0,0.0,0.0,0.0,0.0,0.0,0.0,0.0,0.0,0.0,0.0,0.0,0.0,0.0,0.0,0.0,0.0,0.0,0.0,0.0,0.0,0.0,0.0,0.0,0.0212104599400466,0.0424209198800932,0.106052299700233,0.212104599400466,0.6055522997002329,0.8416209198800932,0.9203104599400466,0.0,0.0,0.0,0.0,0.019301374191607035,0.03088219870657126,0.03474247354489266,0.021296616490511046,0.04259323298102209,0.10648308245255522,0.21296616490511044,0.6012652702443795,0.834244733447941,0.9119045545157948,0.0,0.0,0.0,0.06841563521243234,0.19789997183947033,0.3826161104597487,0.6860902430216984,0.0,0.0,0.0,0.0,0.0,0.007720549676642821,0.023161649029928427,0.0,0.0,0.0,0.0,0.007474460853690579,0.011959137365904926,0.01345402953664304,-0.12029714167403308,-0.11094557743734605,-0.08289088472728501,-0.03613306354384993,0.05187701759822201,0.10468306628346519,0.12228508251187956,0.0,0.0,0.0,0.0,1
-7.324510675384228e-17,1.3897487494856566e-16,0.054813254695903965,0.0,0.0,0.0,0.0,0.0,0.0,0.0,0.0,0.0,0.0,0.0,0.0,0.0,0.0,0.0,0.0,0.0,0.0,0.0048765806694824115,0.009753161338964823,0.024382903347412055,0.04876580669482411,0.10640391329938531,0.14098677726212203,0.15251439858303426,0.0,0.0,0.0,0.0,0.0,0.0,0.0,0.007780318751455822,0.015560637502911643,0.038901593757279106,0.07780318751455821,0.13785157967701428,0.17388061497448792,0.1858902934069791,0.0,0.0,0.0,0.0,0.0,0.0,0.0,0.0,0.0,0.0,0.0,0.0,0.3096209547507106,0.6490886667715432,0.0,0.0,0.0,0.0,0.07780318751455821,0.35631741646434933,0.6731523057141069,-0.18182882523234134,-0.16564040726695342,-0.11707515337078961,-0.03613306354384993,-0.018066531771924965,-0.007226612708769985,-0.0036133063543849963,0.0,0.0,0.0,0.0,0.0,0.0,0.0,0.0,0.0,0.0,0.0,0
-0.04711725527660579,0.00927222130617021,0.0,0.0,0.0,0.0,0.0,0.0,0.0,0.0,0.0,0.0,0.0,0.0,0.0,0.0,0.0,0.0,0.0,0.003000721709641274,0.02393617109212942,0.012964870591072009,0.025929741182144018,0.06482435295536004,0.12964870591072009,0.5643243529553601,0.8251297411821441,0.9120648705910719,0.01980172431977293,0.03960344863954586,0.09900862159886464,0.1980172431977293,0.5985086215988646,0.8388034486395459,0.9189017243197728,0.01031429093405476,0.02062858186810952,0.05157145467027379,0.10314290934054758,0.5461096831292478,0.811889747402468,0.9004831021602079,0.013620999225804974,0.027241998451609947,0.06810499612902486,0.13620999225804972,0.5625272638983521,0.8183176268825336,0.9035810812105939,0.0,0.0,0.0,0.0,0.13620999225804972,0.3817975483504876,0.6846512681660772,0.0,0.0,0.0,0.0,0.07837722216176589,0.30031258770775293,0.6433827509997643,-0.043259687058013856,-0.03845305516267898,-0.024033159476674365,0.0,0.09066720321757822,0.14506752514812515,0.16320096579164078,-0.04614433537405878,-0.04101718699916336,-0.0256357418744771,0.0,0.0,0.0,0.0,0.0,0.06655243211857612,0.04626821324437813,0.009810679581524484,1
1.9827898259942127e-16,-8.810597778395957e-17,0.0,0.0,0.0,0.0,0.0,0.0,0.0,0.0,0.0,0.0,0.0,0.0,0.0,0.0,0.0,0.0,0.0,0.02393617109212942,0.003000721709641274,0.0003000721709641274,0.0006001443419282549,0.001500360854820637,0.003000721709641274,0.10050898245368528,0.1590139389001117,0.17851559104892048,0.0023936171092129423,0.004787234218425885,0.01196808554606471,0.02393617109212942,0.07679243850142475,0.10850619894700196,0.119077452428861,0.0,0.0,0.0,0.0,0.06810499612902486,0.10896799380643979,0.12258899303224474,0.0,0.0,0.0,0.0,0.05157145467027379,0.08251432747243807,0.09282861840649281,0.0,0.0,0.0,0.07837722216176589,0.12877750606174684,0.9871704631029231,0.9886055607252167,0.0,0.0,0.0,0.13620999225804972,0.23037068844269248,0.9879560391689655,0.9888581415435612,-0.1908941394604194,-0.1696836795203728,-0.106052299700233,0.0,0.03869868330205578,0.061917893283289255,0.0696576299437004,-0.14763781791355185,-0.13123361592315722,-0.08202100995197326,0.0,0.09066720321757822,0.14506752514812515,0.16320096579164078,0.0,0.0,0.009810679581524484,0.04626821324437813,0
-1.569957801345236e-17,0.20012642569628936,0.17086116070300603,0.0,0.0,0.0,0.0,0.0,0.0,0.0,0.0,0.0,0.0,0.0,0.0,0.0,0.0,0.0,0.0,0.0,0.0,0.012964870591072009,0.025929741182144018,0.06482435295536004,0.12964870591072009,0.5643243529553601,0.8251297411821441,0.9120648705910719,0.0036133063543849933,0.007226612708769987,0.018066531771924965,0.03613306354384993,0.5175665317719249,0.80642661270877,0.9027133063543848,0.031151943162217605,0.06230388632443521,0.15575971581108802,0.31151943162217605,0.6506342644611711,0.8541031641645682,0.9219261307323672,0.02303706884426925,0.0460741376885385,0.11518534422134624,0.23037068844269248,0.6100654661804247,0.837882332823064,0.9138212883706104,0.0,0.0,0.0,0.13620999225804972,0.23037068844269248,0.9879560391689655,0.9888581415435612,0.0,0.0,0.0,0.0,0.2709103497682019,0.43182913428577385,0.7102669783459876,-0.043259687058013856,-0.03845305516267898,-0.024033159476674365,0.0,0.09066720321757822,0.14506752514812515,0.16320096579164078,-0.0438892260253417,-0.039012645355859285,-0.024382903347412055,0.0,0.08148075317247325,0.1303692050759572,0.14666535571045183,0.0,0.0,0.0,0.0,1
3.5074535620578563e-17,2.285625197405121e-16,0.16585351600173898,0.0,0.0,0.0,0.0,0.0,0.0,0.0,0.0,0.0,0.0,0.0,0.0,0.0,0.0,0.0,0.0,0.0,0.0,0.0036133063543849933,0.007226612708769987,0.018066531771924965,0.03613306354384993,0.5175665317719249,0.80642661270877,0.9027133063543848,0.0,0.0,0.0,0.0,0.06482435295536004,0.10371896472857607,0.11668383531964807,0.02303706884426925,0.0460741376885385,0.11518534422134624,0.23037068844269248,0.6100654661804247,0.837882332823064,0.9138212883706104,0.0,0.0,0.0,0.0,0.15575971581108802,0.24921554529774084,0.2803674884599584,0.0,0.0,0.0,0.0,0.0,0.43182913428577385,0.7102669783459876,0.0,0.0,0.0,0.04684358951152478,0.23037068844269248,0.9879560391689655,0.9888581415435612,-0.0438892260253417,-0.039012645355859285,-0.024382903347412055,0.0,0.0009222084911403089,0.0014755335858244942,0.0016599752840525557,-0.14763781791355185,-0.13123361592315722,-0.08202100995197326,0.0,0.09066720321757822,0.14506752514812515,0.16320096579164078,0.0,0.0,0.0,0.0,0
-8.954403528812852e-17,0.3085873780811891,0.2670670679623241,0.0,0.0,0.0,0.0,0.0,0.0,0.0,0.0,0.0,0.0,0.0,0.0,0.0,0.0,0.0,0.0,0.1640420199039465,0.12964870591072009,0.012964870591072009,0.025929741182144018,0.06482435295536004,0.12964870591072009,0.5643243529553601,0.8251297411821441,0.9120648705910719,0.0650996859653883,0.0814335652359525,0.13043520304764505,0.212104599400466,0.6055522997002329,0.8416209198800932,0.9203104599400466,0.012667987232799558,0.025335974465599116,0.06333993616399779,0.12667987232799557,0.5568384312081895,0.814933566536306,0.9009652783123447,0.15670257881784314,0.16345423339130571,0.18370919711169348,0.21746746997900637,0.602486228980337,0.8334974843811354,0.9105012361814014,0.0,0.0,0.0,0.13620999225804972,0.23037068844269248,0.9879560391689655,0.9888581415435612,0.0,0.0,0.0,0.0,0.0,0.3096209547507106,0.6490886667715432,-0.043259687058013856,-0.03845305516267898,-0.024033159476674365,0.0,0.09066720321757822,0.14506752514812515,0.16320096579164078,-0.12029714167403308,-0.11094557743734605,-0.08289088472728501,-0.03613306354384993,0.05187701759822201,0.10468306628346519,0.12228508251187956,0.0,0.0,0.14285056326673629,0.1934829380445361,1
-2.5682174468168726e-16,5.517682938702771e-16,0.275873564405368,0.0,0.0,0.0,0.0,0.0,0.0,0.0,0.0,0.0,0.0,0.0,0.0,0.0,0.0,0.0,0.0,0.12964870591072009,0.1640420199039465,0.06029342801573635,0.0718210493366486,0.10640391329938531,0.1640420199039465,0.5815210099519732,0.8320084039807893,0.9155042019903946,0.0023936171092129423,0.004787234218425885,0.01196808554606471,0.02393617109212942,0.07679243850142475,0.10850619894700196,0.119077452428861,0.021746746997900638,0.043493493995801276,0.10873373498950319,0.21746746997900637,0.602486228980337,0.8334974843811354,0.9105012361814014,0.0,0.0,0.0,0.0,0.06333993616399779,0.10134389786239646,0.11401188509519601,0.0,0.0,0.0,0.0,0.0,0.3096209547507106,0.6490886667715432,0.0,0.0,0.0,0.13620999225804972,0.23037068844269248,0.9879560391689655,0.9888581415435612,-0.18182882523234134,-0.16564040726695342,-0.11707515337078961,-0.03613306354384993,-0.018066531771924965,-0.007226612708769985,-0.0036133063543849963,-0.14763781791355185,-0.13123361592315722,-0.08202100995197326,0.0,0.09066720321757822,0.14506752514812515,0.16320096579164078,0.0,0.0,0.1934829380445361,0.14285056326673629,0
1.5700892617683286e-16,-0.2653431738495747,0.07686123504925466,0.0,0.05490259225623787,0.0,0.0,0.0,0.0,0.03843061752462733,0.061488988039403725,0.06917511154432918,0.0,0.0,0.0,0.0,0.0,0.0,0.0,0.0,0.0,0.0,0.0,0.0,0.0,0.4995,0.7992,0.8990999999999999,0.0,0.0,0.0,0.0,0.0,0.0,0.0,0.0,0.0,0.0,0.0,0.4948650244098395,0.7917840390557432,0.8907570439377109,0.0005462715106212831,0.0010925430212425662,0.002731357553106415,0.00546271510621283,0.026153152308868804,0.03856741463046239,0.04270550207099358,0.0,0.0,0.0,0.0,0.039611901318838585,0.3719260247668366,0.6808431343424963,0.0,0.0,0.0,0.0,0.07780318751455821,0.35631741646434933,0.6731523057141069,-0.043259687058013856,-0.03845305516267898,-0.024033159476674365,0.0,0.09066720321757822,0.14506752514812515,0.16320096579164078,0.0,0.0,0.0,0.0,0.0,0.0,0.0,0.0,0.051791418821789066,0.0,0.0,1
-2.2031809591310455e-16,-1.2497222873162635e-16,0.054902592256238274,0.0,0.0,0.0,0.0,0.0,0.0,0.0,0.0,0.0,0.0,0.0,0.0,0.0,0.0,0.0,0.0,0.0,0.0,0.0,0.0,0.0,0.0,0.0,0.0,0.0,0.0023936171092129423,0.004787234218425885,0.01196808554606471,0.02393617109212942,0.07679243850142475,0.10850619894700196,0.119077452428861,0.0,0.0,0.0,0.0,0.02342179475576239,0.03747487160921983,0.042159230560372296,0.005070746983445434,0.010141493966890867,0.025353734917227165,0.05070746983445433,0.13734688489803887,0.1893305339361896,0.20665841694890646,0.0,0.0,0.0,0.06841563521243234,0.19789997183947033,0.3826161104597487,0.6860902430216984,0.0,0.0,0.0,0.0,0.13620999225804972,0.37147497357953874,0.6794899807806029,0.0,0.0,0.0,0.0,0.007474460853690579,0.011959137365904926,0.01345402953664304,-0.14763781791355185,-0.13123361592315722,-0.08202100995197326,0.0,0.09066720321757822,0.14506752514812515,0.16320096579164078,0.0,0.0,0.0,0.0,0
-0.10339573361888597,-2.053743017672431e-16,0.0,0.0,0.0,0.0,0.0,0.0,0.0,0.0,0.0,0.0,0.0,0.0,0.0,0.0,0.0,0.0,0.0,0.01488947212989411,0.01775682104220777,0.04454364550286758,0.08908729100573516,0.2227182275143379,0.4454364550286758,0.7222182275143378,0.8882872910057352,0.9436436455028675,0.001488947212989411,0.002977894425978822,0.007444736064947055,0.01488947212989411,0.506944736064947,0.8021778944259789,0.9005889472129893,0.03986421024983017,0.07972842049966034,0.19932105124915084,0.3986421024983017,0.6937940270182124,0.8708851817301588,0.929915566634141,0.013629527554526268,0.027259055109052535,0.06814763777263133,0.13629527554526266,0.5626046417444026,0.8183902614638867,0.9036521347037146,0.0,0.0,0.0,0.0,0.21446812886092184,0.5056373884087181,0.5302233510678706,0.0,0.0,0.0,0.0,0.3986421024983017,0.5254462198401676,0.7571960856891451,-0.2478364729266135,-0.22195347283808914,-0.144304472572516,-0.01488947212989411,0.06207332086874602,0.1082509966679301,0.1236435552676581,-0.11633524203646249,-0.10735029594789933,-0.08039545768220985,-0.03547072723939404,-0.01773536361969702,-0.007094145447878807,-0.003547072723939407,0.0,0.0,0.0560479200275491,0.039653389727029476,1
-1.6001740969403989e-16,-1.921053563776414e-16,0.0,0.0,0.0,0.0,0.0,0.0,0.0,0.0,0.0,0.0,0.0,0.0,0.0,0.0,0.0,0.0,0.0,0.01775682104220777,0.01488947212989411,0.001488947212989411,0.002977894425978822,0.007444736064947055,0.01488947212989411,0.0837967529178349,0.12514112139059938,0.13892257754818751,0.0017756821042207772,0.0035513642084415544,0.008878410521103886,0.01775682104220777,0.5083784105211039,0.8027513642084416,0.9008756821042206,0.009572122762961703,0.019144245525923406,0.047860613814808516,0.09572122762961703,0.11600825158743985,0.12818046596213353,0.13223787075369808,0.0,0.0,0.0,0.0,0.4944729757690616,0.7911567612304986,0.8900513563843108,0.0,0.0,0.0,0.0,0.3986421024983017,0.5229185429882419,0.7559322472631823,0.0,0.0,0.0,0.0,0.13629527554526266,0.2606351999225093,0.41662533470526353,-0.4343974668355847,-0.38810406174743173,-0.24922384648297274,-0.01775682104220777,-0.008878410521103886,-0.0035513642084415535,-0.0017756821042207787,-0.4301094843378013,-0.41273281641306087,-0.36060281263883975,-0.2737194730151379,-0.013060091426756959,0.14333553752627165,0.19546741384394778,0.0,0.0,0.039653389727029476,0.0560479200275491,0
0.3790636965207266,-2.6708189974292946e-16,0.03163056163603539,0.03163056163603539,0.0,0.0,0.0,0.0,0.0,0.0,0.0,0.0,0.0032241352657468255,0.006448270531493651,0.016120676328734127,0.032241352657468254,0.032241352657468254,0.032241352657468254,0.032241352657468254,0.0,0.0,0.023449581570754854,0.04689916314150971,0.11724790785377426,0.23449581570754852,0.2541076443613432,0.26587474155362,0.26979710728437895,0.001488947212989411,0.002977894425978822,0.007444736064947055,0.01488947212989411,0.24630135597124342,0.385148486276053,0.4314308630443228,0.037109433507856164,0.07421886701571233,0.1855471675392808,0.3710943350785616,0.3903328109971201,0.4018758965482552,0.40572359173196687,0.02178162149759289,0.04356324299518578,0.10890810748796445,0.2178162149759289,0.3916287012267342,0.49591619297721734,0.5306786902273783,0.0,0.0,0.0,0.3706679774476883,0.5882021592739349,0.9852111696362756,0.9855134245030803,0.0,0.0,0.0,0.3710943350785616,0.40957128691567857,0.9812567482891501,0.9851013499136366,-0.2513982718049571,-0.24645900653875957,-0.23164121074016708,-0.20694488440917957,0.08186154651925437,0.2551454050763148,0.3129066912620015,-0.11633524203646249,-0.10735029594789933,-0.08039545768220985,-0.03547072723939404,-0.01773536361969702,-0.007094145447878807,-0.003547072723939407,0.0555052442902308,0.0,0.0,0.0,1
-2.6708189974292946e-16,2.085865860451923e-16,0.032241352657468254,0.0,0.0,0.0,0.0,0.0,0.0,0.0,0.0,0.0,0.0,0.0,0.0,0.0,0.0,0.0,0.0,0.0,0.0,0.001488947212989411,0.002977894425978822,0.007444736064947055,0.01488947212989411,0.24630135597124342,0.385148486276053,0.4314308630443228,0.023449581570754854,0.04689916314150971,0.11724790785377426,0.23449581570754852,0.2541076443613432,0.26587474155362,0.26979710728437895,0.02178162149759289,0.04356324299518578,0.10890810748796445,0.2178162149759289,0.3916287012267342,0.49591619297721734,0.5306786902273783,0.037109433507856164,0.07421886701571233,0.1855471675392808,0.3710943350785616,0.3903328109971201,0.4018758965482552,0.40572359173196687,0.0,0.0,0.0,0.0,0.40641169085077156,0.9812567482891501,0.9851013499136366,0.0,0.0,0.0,0.3706679774476883,0.5654411874775395,0.9852111696362756,0.9855134245030803,-0.4343974668355847,-0.38810406174743173,-0.24922384648297274,-0.01775682104220777,-0.008878410521103886,-0.0035513642084415535,-0.0017756821042207787,-0.2513982718049571,-0.24645900653875957,-0.23164121074016708,-0.20694488440917957,0.08186154651925437,0.2551454050763148,0.3129066912620015,0.0,0.0,0.0,0.0,0
-2.3739472494623754e-16,-8.877052907501041e-17,0.49881620105497565,0.0,0.0,0.0,0.0,0.0,0.0,0.0,0.0,0.0,0.0,0.0,0.0,0.0,0.0,0.0,0.0,0.2563375370711546,0.2737194730151379,0.02737194730151379,0.05474389460302758,0.13685973650756894,0.2737194730151379,0.6363597365075689,0.8539438946030276,0.9264719473015137,0.02563375370711546,0.05126750741423092,0.1281687685355773,0.2563375370711546,0.6276687685355773,0.8504675074142309,0.9247337537071154,0.021446812886092185,0.04289362577218437,0.10723406443046092,0.21446812886092184,0.5999363678215225,0.8312173111978829,0.9083109589900029,0.037066797744768835,0.07413359548953767,0.18533398872384416,0.3706679774476883,0.6778640098252808,0.8621816292518364,0.9236208357273548,0.0,0.0,0.0,0.0,0.3990340945162091,0.6675737358597227,0.8263168890312979,0.0,0.0,0.0,0.0,0.21446812886092184,0.6551732969468393,0.820288951864481,-0.2513982718049571,-0.24645900653875957,-0.23164121074016708,-0.20694488440917957,0.08186154651925437,0.2551454050763148,0.3129066912620015,-0.4301094843378013,-0.41273281641306087,-0.36060281263883975,-0.2737194730151379,-0.013060091426756959,0.14333553752627165,0.19546741384394778,0.0,0.0,0.18673133155457988,0.2016776879755917,1
-8.877052907501041e-17,-6.243539329061435e-17,0.49927367619860785,0.0,0.0,0.0,0.0,0.0,0.0,0.0,0.0,0.0,0.0,0.0,0.0,0.0,0.0,0.0,0.0,0.2737194730151379,0.2563375370711546,0.02563375370711546,0.05126750741423092,0.1281687685355773,0.2563375370711546,0.6276687685355773,0.8504675074142309,0.9247337537071154,0.02737194730151379,0.05474389460302758,0.13685973650756894,0.2737194730151379,0.6363597365075689,0.8539438946030276,0.9264719473015137,0.037066797744768835,0.07413359548953767,0.18533398872384416,0.3706679774476883,0.6778640098252808,0.8621816292518364,0.9236208357273548,0.013903611386738617,0.027807222773477233,0.06951805693369308,0.13903611386738615,0.5622203603247546,0.8161309081991758,0.9007677574906494,0.0,0.0,0.0,0.0,0.4933444070791418,0.6409283723380432,0.813166489560083,0.0,0.0,0.0,0.0,0.3706679774476883,0.6493649584226063,0.8172125003127396,-0.2478364729266135,-0.22195347283808914,-0.144304472572516,-0.01488947212989411,0.06207332086874602,0.1082509966679301,0.1236435552676581,-0.2513982718049571,-0.24645900653875957,-0.23164121074016708,-0.20694488440917957,0.08186154651925437,0.2551454050763148,0.3129066912620015,0.0,0.0,0.2016776879755917,0.18673133155457988,0
0.33846892338293944,-4.4225895309008275e-16,0.4177877784711254,0.0,0.0,0.0,0.0,0.0,0.0,0.0,0.0,0.0,0.0,0.0,0.0,0.0,0.0,0.0,0.0,0.4777132398125927,0.4806908719237377,0.011687868816046821,0.023375737632093642,0.0584393440802341,0.1168786881604682,0.557939344080234,0.8225757376320937,0.9107878688160468,0.04777132398125927,0.09554264796251855,0.23885661990629636,0.4777132398125927,0.7383566199062963,0.8947426479625186,0.9468713239812592,0.0,0.0,0.0,0.0,0.4896672237384534,0.7834675579815255,0.8814010027292161,0.01004738636344047,0.02009477272688094,0.05023693181720235,0.1004738636344047,0.5398460284523021,0.8034693273430407,0.8913437603066201,0.0,0.0,0.0,0.0,0.05022315034758798,0.22783318327223667,0.4050121823524386,0.0,0.0,0.0,0.0,0.3710943350785616,0.5235239190279243,0.7514291832524154,-0.4533914974020883,-0.4290697549915839,-0.3561045277600706,-0.23449581570754852,-0.0670109760365719,0.03347992776601408,0.06697689570020936,-0.11633524203646249,-0.10735029594789933,-0.08039545768220985,-0.03547072723939404,-0.01773536361969702,-0.007094145447878807,-0.003547072723939407,0.0,0.0,0.42420245749447216,0.5054419041641934,1
-6.814099125041713e-16,-4.786473773943148e-16,0.38457007364542245,0.0,0.0,0.0,0.0,0.0,0.0,0.0,0.0,0.0,0.0,0.0,0.0,0.0,1.685912990015122e-07,2.6974607840241953e-07,3.0346433820272194e-07,0.4806908719237377,0.4777132398125927,0.015270403370577569,0.030540806741155137,0.07635201685288784,0.15270403370577568,0.3152086367591842,0.41271139859122935,0.445212319201911,0.04806908719237377,0.09613817438474755,0.24034543596186886,0.4806908719237377,0.7398454359618689,0.8953381743847476,0.9471690871923737,0.0022733569937970475,0.004546713987594095,0.011366784968985237,0.022733569937970474,0.06160371678618759,0.08492580489511786,0.09269983426476128,0.0,0.0,0.0,0.0,0.4896672237384534,0.7834675579815255,0.8814010027292161,0.0,0.0,0.0,0.0,0.3986421024983017,0.5209962421759987,0.7501653448264525,0.0,0.0,0.0,0.0,0.1004738636344047,0.4976116628165579,0.536117198771078,-0.4343974668355847,-0.38810406174743173,-0.24922384648297274,-0.01775682104220777,-0.008878410521103886,-0.0035513642084415535,-0.0017756821042207787,-0.22357825294929623,-0.21266069019104394,-0.17990800191628709,-0.12532018812502566,0.006961747803554935,0.08633090936070328,0.11278729654641936,0.0,0.0,0.5054419041641934,0.42420245749447216,0
3.120059280920087e-15,-1.181073634104048e-16,0.05560981877668011,0.0,0.0,0.0,0.0,0.0,0.0,0.0,0.0,0.0,0.0,0.0,0.0,0.0,0.0,0.0,0.0,0.0,0.0,0.011687868816046821,0.023375737632093642,0.0584393440802341,0.1168786881604682,0.1619117862848239,0.1889316451594373,0.19793826478430843,0.0017756821042207772,0.0035513642084415544,0.008878410521103886,0.01775682104220777,0.13704717905668118,0.20862139386536524,0.23247946546825987,0.018264013253113193,0.036528026506226385,0.09132006626556596,0.18264013253113193,0.37762780100957505,0.494620402096641,0.5336179357923295,0.006710912320300079,0.013421824640600159,0.033554561601500395,0.06710912320300079,0.32086592896429944,0.47312001242107865,0.5238713735733384,0.0,0.0,0.0,0.05022315034758798,0.1392436837321355,0.6630134071526571,0.8246578585926891,0.0,0.0,0.0,0.13629527554526266,0.21446812886092184,0.6551732969468393,0.820288951864481,-0.4533914974020883,-0.4290697549915839,-0.3561045277600706,-0.23449581570754852,-0.0670109760365719,0.03347992776601408,0.06697689570020936,-0.4301094843378013,-0.41273281641306087,-0.36060281263883975,-0.2737194730151379,-0.013060091426756959,0.14333553752627165,0.19546741384394778,0.0,0.0,0.0,0.0,1
-1.6382170751114456e-16,-2.7760971075293573e-16,0.06155494525680787,0.0,0.0,0.0,0.0,0.0,0.0,0.0,0.0,0.0,0.0,0.0,0.0,0.0,0.0,0.0,0.0,0.0,0.0,0.02563375370711546,0.05126750741423092,0.1281687685355773,0.2563375370711546,0.3508869960499152,0.40761667143717156,0.42652656323292365,0.02069448844091796,0.04138897688183592,0.10347244220458979,0.20694488440917957,0.34381787816645865,0.4259416744208261,0.4533162731722819,0.04783588948392978,0.09567177896785956,0.2391794474196489,0.4783588948392978,0.526490814782448,0.555369966748338,0.5649963507369681,0.05042210597614685,0.1008442119522937,0.25211052988073424,0.5042210597614685,0.5384182646247433,0.5589365875427083,0.5657760285153632,0.0,0.0,0.0,0.13629527554526266,0.4933444070791418,0.6409283723380432,0.813166489560083,0.0,0.0,0.0,0.1004738636344047,0.4783588948392978,0.6569586497870229,0.821630479909872,-0.2478364729266135,-0.22195347283808914,-0.144304472572516,-0.01488947212989411,0.06207332086874602,0.1082509966679301,0.1236435552676581,-0.22357825294929623,-0.21266069019104394,-0.17990800191628709,-0.12532018812502566,0.006961747803554935,0.08633090936070328,0.11278729654641936,0.0,0.0,0.0,0.0,0
1.3642305912286068e-16,7.363466911478853e-17,0.4386911180092648,0.0,0.0,0.0,0.0,0.0,0.0,0.0,0.0,0.0,0.0,0.0,0.0,0.0,0.0,0.0,0.0,0.23449581570754852,0.20694488440917957,0.02069448844091796,0.04138897688183592,0.10347244220458979,0.20694488440917957,0.6029724422045898,0.840588976881836,0.9197944884409179,0.023449581570754854,0.04689916314150971,0.11724790785377426,0.23449581570754852,0.6167479078537743,0.8460991631415098,0.9225495815707547,0.03990340945162091,0.07980681890324182,0.19951704725810454,0.3990340945162091,0.6924248869430469,0.8684593623991498,0.9271375208845173,0.013933428204559324,0.027866856409118648,0.06966714102279661,0.13933428204559323,0.5628182960391573,0.8169087044352958,0.9016055072340086,0.0,0.0,0.0,0.0,0.1004738636344047,0.6630134071526571,0.8246578585926891,0.0,0.0,0.0,0.0,0.3990340945162091,0.6495160858560086,0.8176658826129466,-0.4533914974020883,-0.4290697549915839,-0.3561045277600706,-0.23449581570754852,-0.0670109760365719,0.03347992776601408,0.06697689570020936,-0.2513982718049571,-0.24645900653875957,-0.23164121074016708,-0.20694488440917957,0.08186154651925437,0.2551454050763148,0.3129066912620015,0.0,0.0,0.12777525476358165,0.15560160023347103,1
2.33256721853081e-16,1.3642305912286068e-16,0.42668971214392276,0.0,0.0,0.0,0.0,0.0,0.0,0.0,0.0,0.0,0.0,0.0,0.0,0.0,0.0,0.0,0.0,0.20694488440917957,0.23449581570754852,0.023449581570754854,0.04689916314150971,0.11724790785377426,0.23449581570754852,0.6167479078537743,0.8460991631415098,0.9225495815707547,0.02069448844091796,0.04138897688183592,0.10347244220458979,0.20694488440917957,0.6029724422045898,0.840588976881836,0.9197944884409179,0.01392436837321355,0.0278487367464271,0.06962184186606775,0.1392436837321355,0.5627729968824284,0.8168905847726043,0.9015964474026629,0.03990340945162091,0.07980681890324182,0.19951704725810454,0.3990340945162091,0.6924248869430469,0.8684593623991498,0.9271375208845173,0.0,0.0,0.0,0.0,0.3706679774476883,0.667724863293125,0.8267702713315048,0.0,0.0,0.0,0.0,0.4783588948392978,0.6569586497870229,0.821630479909872,-0.2513982718049571,-0.24645900653875957,-0.23164121074016708,-0.20694488440917957,0.08186154651925437,0.2551454050763148,0.3129066912620015,-0.22357825294929623,-0.21266069019104394,-0.17990800191628709,-0.12532018812502566,0.006961747803554935,0.08633090936070328,0.11278729654641936,0.0,0.0,0.15560160023347103,0.12777525476358165,0
-0.01737550549164149,-0.016474497738623313,0.0,0.0,0.0,0.0,0.0,0.0,0.0,0.0,0.0,0.0,0.0,0.0,0.0,0.0,0.0,0.0,0.0,0.15270403370577568,0.16364448661164166,0.15753678453877726,0.18975338095252886,0.28640317019378364,0.4474861522625416,0.7232430761312708,0.8886972304525084,0.9438486152262541,0.061171848898163975,0.10745422566643384,0.24630135597124342,0.4777132398125927,0.7383566199062963,0.8947426479625186,0.9468713239812592,0.04099657277892818,0.08199314555785636,0.20498286389464088,0.40996572778928175,0.6985673432153887,0.871728312471053,0.9294486355562743,0.03888194336639511,0.07776388673279022,0.19440971683197553,0.38881943366395105,0.6879112656338721,0.8673663648158247,0.9271847312098088,0.0,0.0,0.0,0.0,0.38881943366395105,0.9818691652762764,0.9847176441184907,0.0,0.0,0.0,0.0,0.3986421024983017,0.9812567482891501,0.9851013499136366,-0.0841732416467974,-0.07647504503380816,-0.05338045519484039,-0.01488947212989411,-0.007444736064947055,-0.0029778944259788213,-0.0014889472129894124,-0.11633524203646249,-0.10735029594789933,-0.08039545768220985,-0.03547072723939404,-0.01773536361969702,-0.007094145447878807,-0.003547072723939407,0.0,0.0,0.17653324587803454,0.15881965618729676,1
2.3273020373302914e-15,1.6294822867369768e-15,0.0,0.0,0.0,0.0,0.0,0.0,0.0,0.0,0.0,0.0,0.0,0.0,0.0,0.0,0.0,0.0,0.0,0.16364448661164166,0.15270403370577568,0.028670928287482265,0.04245238444507042,0.0837967529178349,0.15270403370577568,0.3152086367591842,0.41271139859122935,0.445212319201911,0.12915261797368727,0.13298504782234885,0.14448233736833366,0.16364448661164166,0.30556531943709164,0.39071781913236164,0.4191019856974516,0.0,0.0,0.0,0.0,0.19440971683197553,0.3110555469311609,0.34993749029755594,0.0,0.0,0.0,0.0,0.20498286389464088,0.32797258223142545,0.36896915501035354,0.0,0.0,0.0,0.0,0.3986421024983017,0.9812567482891501,0.9851013499136366,0.0,0.0,0.0,0.0,0.38881943366395105,0.9818691652762764,0.9847176441184907,-0.4343974668355847,-0.38810406174743173,-0.24922384648297274,-0.01775682104220777,-0.008878410521103886,-0.0035513642084415535,-0.0017756821042207787,-0.412580678341855,-0.37972490165503425,-0.281157571594572,-0.1168786881604682,-0.0584393440802341,-0.023375737632093635,-0.011687868816046831,0.0,0.0,0.15881965618729676,0.17653324587803454,0
-1.445339567533952e-16,0.3211657665590814,0.40322583542635737,0.0,0.0,0.0,0.0,0.0,0.0,0.0,0.0,0.0,0.0,0.0,0.0,0.0,0.0,0.0,0.0,0.4454364550286758,0.4474861522625416,0.04474861522625417,0.08949723045250833,0.2237430761312708,0.4474861522625416,0.7232430761312708,0.8886972304525084,0.9438486152262541,0.0017756821042207772,0.0035513642084415544,0.008878410521103886,0.01775682104220777,0.5083784105211039,0.8027513642084416,0.9008756821042206,0.024759929016162405,0.04951985803232481,0.12379964508081201,0.24759929016162402,0.6140576062102728,0.8339325958394622,0.9072242590491919,0.0,0.0,0.0,0.0,0.49022246292758465,0.7843559406841355,0.8824004332696522,0.0,0.0,0.0,0.0,0.3887010984415424,0.564883627435518,0.7726642766453434,0.0,0.0,0.0,0.0,0.13629527554526266,0.2606351999225093,0.41662533470526353,-0.0841732416467974,-0.07647504503380816,-0.05338045519484039,-0.01488947212989411,-0.007444736064947055,-0.0029778944259788213,-0.0014889472129894124,-0.4301094843378013,-0.41273281641306087,-0.36060281263883975,-0.2737194730151379,-0.013060091426756959,0.14333553752627165,0.19546741384394778,0.0,0.01010802203225043,0.47210494107542567,0.4483026213325436,1
1.5353412668951065e-17,4.350880975171138e-16,0.4285147483412624,0.0,0.0,0.0,0.0,0.0,0.0,0.0,0.0,0.0,0.0,0.0,0.0,0.0,0.0,0.0,0.0,0.4474861522625416,0.4454364550286758,0.04454364550286758,0.08908729100573516,0.2227182275143379,0.4454364550286758,0.7222182275143378,0.8882872910057352,0.9436436455028675,0.016364448661164165,0.03272889732232833,0.08182224330582083,0.16364448661164166,0.30556531943709164,0.39071781913236164,0.4191019856974516,0.0,0.0,0.0,0.0,0.49022246292758465,0.7843559406841355,0.8824004332696522,0.01040264536257122,0.02080529072514244,0.0520132268128561,0.1040264536257122,0.17581287189366812,0.21888472285444166,0.2332420065080328,0.0,0.0,0.0,0.0,0.21446812886092184,0.5056373884087181,0.5302233510678706,0.0,0.0,0.0,0.0,0.38881943366395105,0.5541978473788697,0.7673213866170192,-0.2478364729266135,-0.22195347283808914,-0.144304472572516,-0.01488947212989411,0.06207332086874602,0.1082509966679301,0.1236435552676581,-0.412580678341855,-0.37972490165503425,-0.281157571594572,-0.1168786881604682,-0.0584393440802341,-0.023375737632093635,-0.011687868816046831,0.0,0.0,0.4483026213325436,0.47210494107542567,0
-5.174809637707682e-16,0.3815020473132641,0.02751104477075815,0.0,0.05365859897693378,0.0027511044770758154,0.005502208954151631,0.013755522385379075,0.02751104477075815,0.02751104477075815,0.02751104477075815,0.02751104477075815,0.0,0.0,0.0,0.0,0.0,0.0,0.0,0.0,0.0,0.012532018812502566,0.025064037625005132,0.06266009406251283,0.12532018812502566,0.28640317019378364,0.3830529594350385,0.41526955584879,0.023449581570754854,0.04689916314150971,0.11724790785377426,0.23449581570754852,0.2541076443613432,0.26587474155362,0.26979710728437895,0.028847697174025067,0.057695394348050134,0.14423848587012533,0.28847697174025067,0.44608770311402074,0.5406541419382828,0.5721762882130368,0.035507356220365126,0.07101471244073025,0.17753678110182564,0.35507356220365127,0.40135481998172295,0.429123574648566,0.4383798262041803,0.0,0.0,0.0,0.3887010984415424,0.4609933028306051,0.9818691652762764,0.9847176441184907,0.0,0.0,0.0,0.3706679774476883,0.5654411874775395,0.9852111696362756,0.9855134245030803,-0.0841732416467974,-0.07647504503380816,-0.05338045519484039,-0.01488947212989411,-0.007444736064947055,-0.0029778944259788213,-0.0014889472129894124,-0.2513982718049571,-0.24645900653875957,-0.23164121074016708,-0.20694488440917957,0.08186154651925437,0.2551454050763148,0.3129066912620015,0.0,0.0,0.0,0.0,1
-2.306418290717128e-16,-5.174809637707682e-16,0.053658598976933425,0.0,0.0,0.0,0.0,0.0,0.0,0.0,0.0,0.0,0.0,0.0,0.0,0.0,0.0,0.0,0.0,0.0,0.0,0.023449581570754854,0.04689916314150971,0.11724790785377426,0.23449581570754852,0.2541076443613432,0.26587474155362,0.26979710728437895,0.012532018812502566,0.025064037625005132,0.06266009406251283,0.12532018812502566,0.28640317019378364,0.3830529594350385,0.41526955584879,0.035507356220365126,0.07101471244073025,0.17753678110182564,0.35507356220365127,0.40135481998172295,0.429123574648566,0.4383798262041803,0.028847697174025067,0.057695394348050134,0.14423848587012533,0.28847697174025067,0.44608770311402074,0.5406541419382828,0.5721762882130368,0.0,0.0,0.0,0.3706679774476883,0.5882021592739349,0.9852111696362756,0.9855134245030803,0.0,0.0,0.0,0.0,0.44763607775979464,0.9818691652762764,0.9847176441184907,-0.2513982718049571,-0.24645900653875957,-0.23164121074016708,-0.20694488440917957,0.08186154651925437,0.2551454050763148,0.3129066912620015,-0.412580678341855,-0.37972490165503425,-0.281157571594572,-0.1168786881604682,-0.0584393440802341,-0.023375737632093635,-0.011687868816046831,0.0,0.0,0.0,0.0,0
-9.074495048043987e-16,-0.15402876319808226,0.0,0.0,0.0,0.0,0.0,0.0,0.0,0.0,0.0,0.0,0.0,0.0,0.0,0.0,0.0,0.0,0.0,0.1168786881604682,0.12532018812502566,0.012532018812502566,0.025064037625005132,0.06266009406251283,0.12532018812502566,0.5621600940625129,0.8242640376250052,0.9116320188125024,0.04806908719237377,0.09613817438474755,0.24034543596186886,0.4806908719237377,0.7398454359618689,0.8953381743847476,0.9471690871923737,0.014608479284019111,0.029216958568038222,0.07304239642009555,0.1460847928401911,0.5668842184356604,0.8193638737929421,0.9035237589120357,0.03880175987779102,0.07760351975558204,0.19400879938895507,0.38801759877791014,0.6877918608693075,0.8676564181241461,0.9276112705424254,0.0,0.0,0.0,0.0,0.38881943366395105,0.5663078668566252,0.7769369949086649,0.0,0.0,0.0,0.0,0.1004738636344047,0.4976116628165579,0.536117198771078,-0.0841732416467974,-0.07647504503380816,-0.05338045519484039,-0.01488947212989411,-0.007444736064947055,-0.0029778944259788213,-0.0014889472129894124,-0.22357825294929623,-0.21266069019104394,-0.17990800191628709,-0.12532018812502566,0.006961747803554935,0.08633090936070328,0.11278729654641936,0.0,0.0,0.16583761066324865,0.11078173819518056,1
-6.824034192770174e-17,-1.1695719896278737e-17,0.0,0.0,0.0,0.0,0.0,0.0,0.0,0.0,0.0,0.0,0.0,0.0,0.0,0.0,0.0,0.0,0.0,0.12532018812502566,0.1168786881604682,0.011687868816046821,0.023375737632093642,0.0584393440802341,0.1168786881604682,0.557939344080234,0.8225757376320937,0.9107878688160468,0.012532018812502566,0.025064037625005132,0.06266009406251283,0.12532018812502566,0.14448233736833366,0.15597962691431846,0.15981205676298005,0.0,0.0,0.0,0.0,0.4937830614803525,0.7900528983685641,0.8888095106646344,0.002907395975603905,0.00581479195120781,0.014536979878019525,0.02907395975603905,0.08757937629811507,0.1226826262233607,0.1343837095317759,0.0,0.0,0.0,0.0,0.05022315034758798,0.22783318327223667,0.4050121823524386,0.0,0.0,0.0,0.0,0.38881943366395105,0.5556220867999768,0.7715941048803406,-0.4533914974020883,-0.4290697549915839,-0.3561045277600706,-0.23449581570754852,-0.0670109760365719,0.03347992776601408,0.06697689570020936,-0.412580678341855,-0.37972490165503425,-0.281157571594572,-0.1168786881604682,-0.0584393440802341,-0.023375737632093635,-0.011687868816046831,0.0,0.0,0.11078173819518056,0.16583761066324865,0
0.22564890156773534,-1.2340287372516244e-16,0.304723685343446,0.0,0.0,0.0,0.0,0.0,0.0,0.0,0.0,0.0,0.0,0.0,0.0,0.0,0.0,0.0,0.0,0.4546865139263898,0.4631775080708225,0.06582106475738723,0.06640459790205497,0.06815519733605818,0.07107286305939686,0.5350364315296985,0.8134145726118794,0.9062072863059396,0.375102807421233,0.3839454414773615,0.4104733436457471,0.4546865139263898,0.7268432569631949,0.890137302785278,0.9445686513926389,0.06809901550375012,0.06954503747426694,0.07388310338581733,0.08111321323840134,0.5306522910606354,0.8003757377539759,0.8902835533184226,0.002857256612252654,0.005714513224505308,0.014286283061263267,0.028572566122526535,0.5042281744772581,0.789621539490097,0.8847526611610431,0.0,0.0,0.0,0.0,0.19865245329541859,0.49108406951240763,0.504596877622319,0.0,0.0,0.0,0.06665299353323333,0.08111321323840134,0.37559400390661934,0.677892686394744,-0.4748689485619183,-0.47262645582463736,-0.46589897761279453,-0.4546865139263898,-0.39392318828395095,-0.35746519289848766,-0.3453125277699999,-0.2989928739392678,-0.26442458444457967,-0.16071971596051532,0.01212173151292524,0.015109500773524097,0.01690216232988341,0.017499716182003182,0.0,0.0,0.3805110036802847,0.39387013322737074,1
4.057402242732234e-16,-7.376491751350676e-17,0.32834740484510827,0.0,0.0,0.0,0.0,0.0,0.0,0.0,0.0,0.0,0.0,0.0,0.0,0.0,0.0,0.0,0.0,0.4631775080708225,0.4546865139263898,0.375102807421233,0.3839454414773615,0.4104733436457471,0.4546865139263898,0.48354534881246536,0.5008606497441107,0.5066324167213258,0.1050315292585298,0.14482552690434009,0.264207519841771,0.4631775080708225,0.7310887540354112,0.8918355016141645,0.9454177508070822,0.002857256612252654,0.005714513224505308,0.014286283061263267,0.028572566122526535,0.27334112592737847,0.42020226181028975,0.46915597377126006,0.008111321323840135,0.01622264264768027,0.04055660661920067,0.08111321323840134,0.5306522910606354,0.8003757377539759,0.8902835533184226,0.0,0.0,0.0,0.08111321323840134,0.21667864536659237,0.978353237625328,0.9792723032540986,0.0,0.0,0.0,0.0,0.20766239656798338,0.6121591209427374,0.8002579913637509,-0.5093289945862989,-0.5042010516401348,-0.4888172228016427,-0.4631775080708225,-0.22254011901834977,-0.07815768558686612,-0.030030207776371637,-0.4357948289900869,-0.39447821668097455,-0.2705283797536375,-0.06394531820807581,-0.05605189186030035,-0.051315836051635075,-0.049737150782079985,0.0,0.0,0.39387013322737074,0.3805110036802847,0
0.000988372344236311,-5.960676409750083e-16,0.0,0.0,0.0,0.0,0.0,0.0,0.0,0.0,0.0,0.0,0.0,0.0,0.0,0.0,0.0,0.0,0.0,0.3662601733651044,0.3579481534384489,0.039583693539098255,0.06667576415921597,0.1479519760195691,0.2834123291201577,0.38026188520967846,0.43837161886339093,0.4577415300812951,0.375102807421233,0.3839454414773615,0.4104733436457471,0.4546865139263898,0.48354534881246536,0.5008606497441107,0.5066324167213258,0.006920786047172227,0.013841572094344454,0.034603930235861134,0.06920786047172227,0.14682626156713943,0.19339730222438975,0.20892098244347315,0.018534335433232556,0.03706867086646511,0.09267167716616279,0.18534335433232557,0.2548253144790977,0.29651449056716095,0.31041088259651534,0.0,0.0,0.0,0.0,0.28420632343927926,0.9804583762068927,0.9826595578710204,0.0004217477952659495,0.000843495590531899,0.06665299353323333,0.08111321323840134,0.2244446626625566,0.978353237625328,0.9792723032540986,-0.4705473798392087,-0.4474418678019071,-0.37812533169000234,-0.2625977715034944,-0.16391765155810695,-0.10470957959087447,-0.08497355560179701,-0.2989928739392678,-0.26442458444457967,-0.16071971596051532,0.01212173151292524,0.015109500773524097,0.01690216232988341,0.017499716182003182,0.0,0.0,0.28914540487475127,0.2843685747422221,1
-5.960676409750083e-16,-1.635919234001499e-16,0.0,0.0,0.0,0.0,0.0,0.0,0.0,0.0,0.0,0.0,0.0,0.0,0.0,0.0,0.0,0.0,0.0,0.3579481534384489,0.3662601733651044,0.375102807421233,0.3839454414773615,0.4104733436457471,0.4546865139263898,0.48354534881246536,0.5008606497441107,0.5066324167213258,0.2908659115519868,0.2983194939838159,0.3206802412793033,0.3579481534384489,0.41752979736882406,0.45327878372704916,0.4651951125131242,0.018534335433232556,0.03706867086646511,0.09267167716616279,0.18534335433232557,0.2548253144790977,0.29651449056716095,0.31041088259651534,0.0,0.0,0.0,0.0,0.1122223313312783,0.1795557301300453,0.20200019639630093,0.0,0.0,0.0,0.08111321323840134,0.21667864536659237,0.978353237625328,0.9792723032540986,0.0,0.0,0.0,0.0,0.3243072746258698,0.9804583762068927,0.9826595578710204,-0.5093289945862989,-0.5042010516401348,-0.4888172228016427,-0.4631775080708225,-0.22254011901834977,-0.07815768558686612,-0.030030207776371637,-0.4705473798392087,-0.4474418678019071,-0.37812533169000234,-0.2625977715034944,-0.16391765155810695,-0.10470957959087447,-0.08497355560179701,0.0,0.0,0.2843685747422221,0.28914540487475127,0
4.9448701602723266e-17,-1.2431940644416344e-15,0.3093377791367976,0.0,0.0,0.0,0.0,0.0,0.0,0.0,0.0,0.0,0.0,0.0,0.0,0.0,0.0,0.0,0.0,0.4936528918765103,0.47711144129919925,0.30278224033806184,0.322152151555966,0.38026188520967846,0.47711144129919925,0.7380557206495997,0.8946222882598399,0.9468111441299198,0.10807906763909858,0.15092060366547766,0.2794452117446149,0.4936528918765103,0.7463264459382551,0.8979305783753021,0.9484652891876509,0.01986524532954186,0.03973049065908372,0.09932622664770929,0.19865245329541859,0.5886744772460556,0.8226876916164378,0.9006920964065651,0.0,0.0,0.0,0.0,0.48967889268741444,0.7834862282998631,0.881422006837346,0.0,0.0,0.0,0.0,0.0,0.9804583762068927,0.9826595578710204,0.0,0.0,0.0,0.0,0.20766239656798338,0.980628573314307,0.9844927175495358,-0.4705473798392087,-0.4474418678019071,-0.37812533169000234,-0.2625977715034944,-0.16391765155810695,-0.10470957959087447,-0.08497355560179701,-0.4357948289900869,-0.39447821668097455,-0.2705283797536375,-0.06394531820807581,-0.05605189186030035,-0.051315836051635075,-0.049737150782079985,0.0,0.0,0.4391747421822523,0.40864866897214913,1
-1.2431940644416344e-15,-1.5041417020660664e-16,0.3035590765509428,0.0,0.0,0.0,0.0,0.0,0.0,0.0,0.0,0.0,0.0,0.0,0.0,0.0,0.0,0.0,0.0,0.47711144129919925,0.4936528918765103,0.10807906763909858,0.15092060366547766,0.2794452117446149,0.4936528918765103,0.7463264459382551,0.8979305783753021,0.9484652891876509,0.3698644822245239,0.38178081101059896,0.41752979736882406,0.47711144129919925,0.7380557206495997,0.8946222882598399,0.9468111441299198,0.0,0.0,0.0,0.0,0.48967889268741444,0.7834862282998631,0.881422006837346,0.003310031072359232,0.006620062144718464,0.01655015536179616,0.03310031072359232,0.5058984059601425,0.7895772631020725,0.8841368821493825,0.0,0.0,0.0,0.0,0.19865245329541859,0.610227048825123,0.7944617750109075,0.0,0.0,0.0,0.0,0.18534335433232557,0.4553173767756617,0.717337581075245,-0.4748689485619183,-0.47262645582463736,-0.46589897761279453,-0.4546865139263898,-0.39392318828395095,-0.35746519289848766,-0.3453125277699999,-0.4705473798392087,-0.4474418678019071,-0.37812533169000234,-0.2625977715034944,-0.16391765155810695,-0.10470957959087447,-0.08497355560179701,0.0,0.0,0.40864866897214913,0.4391747421822523,0
0.18352124271218762,5.577447071692428e-16,0.22007226001037983,0.0,0.0,0.0,0.0,0.0,0.0,0.0,0.0,0.0,0.0,0.0,0.0,0.0,0.0,0.0,0.0,0.5124041836985409,0.5144569375324629,0.076698735304668,0.10523900509681111,0.1908598144732404,0.3335611634339559,0.6662805817169779,0.8659122326867912,0.9324561163433955,0.3808745743984481,0.39548897543179173,0.43933217853182266,0.5124041836985409,0.7557020918492705,0.9016808367397082,0.9503404183698541,0.009282412704032633,0.01751045591990039,0.04219458556750366,0.08333480164684245,0.5306142532288926,0.7989819241781226,0.8884378144945325,0.011090130675117375,0.02218026135023475,0.05545065337558687,0.11090130675117374,0.5443517188599607,0.804421966125233,0.8911120485469903,0.0,0.0,0.0,0.0,0.2292464498791845,0.4507561800031712,0.45949962005357925,0.0,0.0,0.0,0.0010543694881648736,0.08333480164684245,0.37513447109223397,0.676514087951588,-0.4895049982407026,-0.4666058127828643,-0.3979082564093493,-0.2834123291201577,-0.2629229484002528,-0.2506293199683099,-0.24653144382432893,-0.2989928739392678,-0.26442458444457967,-0.16071971596051532,0.01212173151292524,0.015109500773524097,0.01690216232988341,0.017499716182003182,0.0,0.0,0.5193223742608619,0.5188924602888587,1
1.1495682451039415e-15,-4.88150494886601e-16,0.22610361060596001,0.0,0.0,0.0,0.0,0.0,0.0,0.0,0.0,0.0,0.0,0.0,0.0,0.0,0.0,0.0,0.0,0.5144569375324629,0.5124041836985409,0.38013550232794396,0.39401083129078357,0.4356368181793023,0.5050134629935001,0.5087088233460205,0.5109260395575328,0.5116651116280369,0.09478831271451871,0.14141815991651252,0.2813077015224939,0.5144569375324629,0.7567284687662315,0.9020913875064926,0.9505456937532463,0.011090130675117375,0.02218026135023475,0.05545065337558687,0.11090130675117374,0.17007387831517912,0.20557742125358236,0.2174119355663834,0.008333480164684246,0.016666960329368492,0.04166740082342123,0.08333480164684245,0.5306142532288926,0.7989819241781226,0.8884378144945325,0.0,0.0,0.0,0.0010543694881648736,0.08111321323840134,0.36892165725546255,0.6734076810332023,0.0,0.0,0.0,0.0,0.11090130675117374,0.2690165997622359,0.3485568995283385,-0.5093289945862989,-0.5042010516401348,-0.4888172228016427,-0.4631775080708225,-0.22254011901834977,-0.07815768558686612,-0.030030207776371637,-0.32972118892900604,-0.3245757600613562,-0.30913947345840675,-0.2834123291201577,-0.14879526368981894,-0.06802502443161568,-0.04110161134554796,0.0,0.0,0.5188924602888587,0.5193223742608619,0
2.1814106237685175e-16,-3.485976899047745e-16,0.2214219827007148,0.0,0.0,0.0,0.0,0.0,0.0,0.0,0.0,0.0,0.0,0.0,0.0,0.0,0.0,0.0,0.0,0.0652375316127195,0.048158465512524895,0.06960239611162185,0.0910463267107188,0.15537811850800964,0.2625977715034944,0.6307988857517473,0.8517195543006989,0.9253597771503493,0.1050315292585298,0.14482552690434009,0.264207519841771,0.4631775080708225,0.4784151999736664,0.4875578151153727,0.49060535349594153,0.02076623965679834,0.04153247931359668,0.10383119828399169,0.20766239656798338,0.598009629176374,0.8322179687414084,0.9102874152630864,0.04280971992944413,0.08561943985888826,0.21404859964722064,0.4280971992944413,0.4487916905995869,0.4612083853826743,0.46534728364370337,0.0,0.0,0.0,0.0,0.44638445997796716,0.5716509192628042,0.7784666375804374,0.0,0.0,0.0,0.19865245329541859,0.5181096857322305,0.980628573314307,0.9844927175495358,-0.4895049982407026,-0.4666058127828643,-0.3979082564093493,-0.2834123291201577,-0.2629229484002528,-0.2506293199683099,-0.24653144382432893,-0.4357948289900869,-0.39447821668097455,-0.2705283797536375,-0.06394531820807581,-0.05605189186030035,-0.051315836051635075,-0.049737150782079985,0.0,0.0,0.04223792377498459,0.05756254397088212,1
4.470075971974829e-16,-4.790020263050128e-16,0.20986151577901355,0.0,0.0,0.0,0.0,0.0,0.0,0.0,0.0,0.0,0.0,0.0,0.0,0.0,0.0,0.0,0.0,0.048158465512524895,0.0652375316127195,0.06582106475738723,0.06640459790205497,0.06815519733605818,0.07107286305939686,0.2823628774679536,0.40913688611308763,0.4513948889947989,0.06960239611162185,0.0910463267107188,0.15537811850800964,0.2625977715034944,0.38852735451797865,0.4640851043266692,0.48927102092956604,0.0002415205048739624,0.0004830410097479248,0.001207602524369812,0.002415205048739624,0.21525620217159044,0.342960800445301,0.3855289998698711,0.02076623965679834,0.04153247931359668,0.10383119828399169,0.20766239656798338,0.3624325489344388,0.4552946403543121,0.48624867082760315,0.0,0.0,0.0,0.028572566122526535,0.4843276654574519,0.610227048825123,0.7944617750109075,0.0,0.0,0.0,0.002415205048739624,0.2292464498791845,0.5395342306151674,0.7624082932566191,-0.4748689485619183,-0.47262645582463736,-0.46589897761279453,-0.4546865139263898,-0.39392318828395095,-0.35746519289848766,-0.3453125277699999,-0.32972118892900604,-0.3245757600613562,-0.30913947345840675,-0.2834123291201577,-0.14879526368981894,-0.06802502443161568,-0.04110161134554796,0.0,0.0,0.05756254397088212,0.04223792377498459,0
-8.842155454239596e-17,-3.0648015691636883e-16,0.17412082003971613,0.0,0.0,0.0,0.0,0.0,0.0,0.0,0.0,0.0,0.0,0.0,0.0,0.0,0.0,0.0,0.0,0.2834123291201577,0.2625977715034944,0.06960239611162185,0.0910463267107188,0.15537811850800964,0.2625977715034944,0.6307988857517473,0.8517195543006989,0.9253597771503493,0.2908659115519868,0.2983194939838159,0.3206802412793033,0.3579481534384489,0.6784740767192244,0.8707896306876898,0.9348948153438448,0.0,0.0,0.0,0.0,0.49243036976757404,0.7878885916281185,0.8863746655816331,0.012382660568475645,0.02476532113695129,0.06191330284237822,0.12382660568475644,0.5545544807914138,0.8129912058554083,0.8991367808767396,0.0,0.0,0.0,0.0,0.44638445997796716,0.5716509192628042,0.7784666375804374,0.0,0.0,0.0,0.0,0.18534335433232557,0.45641796760772557,0.7206393535714365,-0.4895049982407026,-0.4666058127828643,-0.3979082564093493,-0.2834123291201577,-0.2629229484002528,-0.2506293199683099,-0.24653144382432893,-0.4705473798392087,-0.4474418678019071,-0.37812533169000234,-0.2625977715034944,-0.16391765155810695,-0.10470957959087447,-0.08497355560179701,0.0,0.0,0.2167820234701192,0.2812633744968043,1
7.940648238294708e-18,-8.842155454239596e-17,0.1715518533076236,0.0,0.0,0.0,0.0,0.0,0.0,0.0,0.0,0.0,0.0,0.0,0.0,0.0,0.0,0.0,0.0,0.2625977715034944,0.2834123291201577,0.039583693539098255,0.06667576415921597,0.1479519760195691,0.2834123291201577,0.6412061645600788,0.8558824658240316,0.9274412329120157,0.06960239611162185,0.0910463267107188,0.15537811850800964,0.2625977715034944,0.6307988857517473,0.8517195543006989,0.9253597771503493,0.0,0.0,0.0,0.0,0.4926411779490356,0.788225884718457,0.8867541203082641,0.0,0.0,0.0,0.0,0.49243036976757404,0.7878885916281185,0.8863746655816331,0.0,0.0,0.0,0.0,0.023857078494952593,0.42433720665845315,0.7045989730968003,0.0,0.0,0.0,0.0,0.002415205048739624,0.5395342306151674,0.7624082932566191,-0.4705473798392087,-0.4474418678019071,-0.37812533169000234,-0.2625977715034944,-0.16391765155810695,-0.10470957959087447,-0.08497355560179701,-0.32972118892900604,-0.3245757600613562,-0.30913947345840675,-0.2834123291201577,-0.14879526368981894,-0.06802502443161568,-0.04110161134554796,0.0,0.0,0.2812633744968043,0.2167820234701192,0
-52976162089471.92,0.38557555972503343,0.23677396760418296,0.0,0.0,0.0,0.0,0.0,0.0,0.0,0.0,0.0,0.0,0.0,0.0,0.0,0.0,0.0,0.0,0.5050134629935001,0.49491672943524545,0.08224834679241191,0.11031704357066124,0.1945231339054092,0.33486661779665583,0.6669333088983279,0.8661733235593312,0.9325866617796655,0.3808745743984481,0.39548897543179173,0.43933217853182266,0.5124041836985409,0.7557020918492705,0.9016808367397082,0.9503404183698541,0.00831945945723221,0.01663891891446442,0.04159729728616105,0.0831945945723221,0.530705917819684,0.799212711768101,0.8887149764175734,0.27188671826079347,0.2852876662806349,0.3254905103401592,0.3924952504393663,0.6855697400808984,0.8614144338658177,0.9200293317941242,0.0,0.0,0.0,0.2340219175049996,0.45255214621061374,0.5700307411845689,0.7768688322267092,0.0,0.0,0.0,0.0010543694881648736,0.08333480164684245,0.37513447109223397,0.676514087951588,-0.23323163596220925,-0.21049210463290766,-0.14227351064500282,-0.0285758539984948,0.0029856215012113024,0.021922506801034965,0.02823480190097618,-0.2989928739392678,-0.26442458444457967,-0.16071971596051532,0.01212173151292524,0.015109500773524097,0.01690216232988341,0.017499716182003182,0.0,0.0,0.5008785303994052,0.5029629521808558,1
-6.308176149975352e-16,4.804336695887568e-16,0.27548135071472024,0.0,0.0,0.0,0.0,0.0,0.0,0.0,0.0,0.0,0.0,0.0,0.0,0.0,0.0,0.0,0.0,0.49491672943524545,0.5050134629935001,0.38013550232794396,0.39401083129078357,0.4356368181793023,0.5050134629935001,0.5087088233460205,0.5109260395575328,0.5116651116280369,0.08224834679241191,0.11031704357066124,0.1945231339054092,0.33486661779665583,0.41489167361595064,0.4629067071075275,0.47891171827138646,0.025848577024095206,0.05169715404819041,0.12924288512047602,0.25848577024095204,0.3254905103401592,0.3656933543996834,0.37909430241952485,0.0,0.0,0.0,0.0,0.04159729728616105,0.0665556756578577,0.07487513511508989,0.0,0.0,0.0,0.0010543694881648736,0.08111321323840134,0.36892165725546255,0.6734076810332023,0.0,0.0,0.0,0.22965317077725594,0.3924952504393663,0.5613663524862536,0.7725366378775514,-0.5093289945862989,-0.5042010516401348,-0.4888172228016427,-0.4631775080708225,-0.22254011901834977,-0.07815768558686612,-0.030030207776371637,-0.3030626324904098,-0.2725641015468637,-0.18106850871622535,-0.0285758539984948,-0.02053373845873767,-0.01570846913488339,-0.014100046026931965,0.0,0.0,0.5029629521808558,0.5008785303994052,0
-1.0295417930839494e-15,-0.09228787209569571,0.0,0.0,0.0,0.0,0.0,0.0,0.0,0.0,0.0,0.0,0.0,0.0,0.0,0.0,0.0,0.0,0.0,0.07107286305939686,0.054179650014162584,0.01817834343494843,0.022178488610416672,0.03417892413682139,0.054179650014162584,0.1945231339054092,0.27872922424015717,0.30679792101840647,0.1050315292585298,0.14482552690434009,0.264207519841771,0.4631775080708225,0.4784151999736664,0.4875578151153727,0.49060535349594153,0.0,0.0,0.0,0.0,0.14284722532704217,0.22855556052326748,0.25712500558867585,0.04557812097906044,0.09115624195812087,0.22789060489530216,0.4557812097906043,0.45676215492815697,0.4573507220106886,0.4575469110381991,0.09186126831090238,0.18372253662180477,0.2340219175049996,0.3924952504393663,0.4666116956634985,0.9847563080116177,0.9868550774971534,0.0,0.0,0.0,0.19865245329541859,0.5181096857322305,0.980628573314307,0.9844927175495358,-0.23323163596220925,-0.21049210463290766,-0.14227351064500282,-0.0285758539984948,0.0029856215012113024,0.021922506801034965,0.02823480190097618,-0.4357948289900869,-0.39447821668097455,-0.2705283797536375,-0.06394531820807581,-0.05605189186030035,-0.051315836051635075,-0.049737150782079985,0.0,0.0,0.022032503636941314,0.03534619159302743,1
5.814992720538995e-16,7.11927355036426e-16,0.0,0.0,0.0,0.0,0.0,0.0,0.0,0.0,0.0,0.0,0.0,0.0,0.0,0.0,0.0,0.0,0.0,0.054179650014162584,0.07107286305939686,0.06582106475738723,0.06640459790205497,0.06815519733605818,0.07107286305939686,0.2823628774679536,0.40913688611308763,0.4513948889947989,0.01817834343494843,0.022178488610416672,0.03417892413682139,0.054179650014162584,0.274548189724704,0.4067693135510289,0.45084302149313715,0.0,0.0,0.0,0.0,0.22789060489530216,0.3646249678324835,0.4102030888115439,0.0,0.0,0.0,0.0,0.2534556364488957,0.4055290183182331,0.45622014560801216,0.0,0.0,0.0,0.028572566122526535,0.4843276654574519,0.610227048825123,0.7944617750109075,0.0,0.0,0.0,0.2340219175049996,0.3924952504393663,0.5624157372290214,0.775684792105855,-0.4748689485619183,-0.47262645582463736,-0.46589897761279453,-0.4546865139263898,-0.39392318828395095,-0.35746519289848766,-0.3453125277699999,-0.3030626324904098,-0.2725641015468637,-0.18106850871622535,-0.0285758539984948,-0.02053373845873767,-0.01570846913488339,-0.014100046026931965,0.0,0.0,0.03534619159302743,0.022032503636941314,0
-2.289586488709783e-15,0.16778650286151975,0.044728658705615154,0.0,0.0,0.0,0.0,0.0,0.0,0.0,0.0,0.0,0.0,0.0,0.0,0.0,0.0,0.0,0.0,0.012491622918980538,0.01417819825948019,0.01817834343494843,0.022178488610416672,0.03417892413682139,0.054179650014162584,0.1945231339054092,0.27872922424015717,0.30679792101840647,0.2908659115519868,0.2983194939838159,0.3206802412793033,0.3579481534384489,0.6784740767192244,0.8707896306876898,0.9348948153438448,0.0029220562592539782,0.0058441125185079565,0.01461028129626989,0.02922056259253978,0.16850391982738583,0.25207393416829343,0.2799306056152626,0.2504495256759532,0.26687713384690676,0.3161599583597675,0.39829799921453546,0.6936259230986123,0.8708226774290584,0.9298882622058736,0.09186126831090238,0.18372253662180477,0.2340219175049996,0.3924952504393663,0.4666116956634985,0.9847563080116177,0.9868550774971534,0.0,0.0,0.0,0.0,0.18534335433232557,0.45641796760772557,0.7206393535714365,-0.23323163596220925,-0.21049210463290766,-0.14227351064500282,-0.0285758539984948,0.0029856215012113024,0.021922506801034965,0.02823480190097618,-0.4705473798392087,-0.4474418678019071,-0.37812533169000234,-0.2625977715034944,-0.16391765155810695,-0.10470957959087447,-0.08497355560179701,0.0,0.0,0.0,0.0027777861399691517,1
6.041617691626836e-17,-2.289586488709783e-15,0.04805330492223544,0.0,0.0,0.0,0.0,0.0,0.0,0.0,0.0,0.0,0.0,0.0,0.0,0.0,0.0,0.0,0.0,0.01417819825948019,0.012491622918980538,0.039583693539098255,0.06667576415921597,0.1479519760195691,0.2834123291201577,0.6412061645600788,0.8558824658240316,0.9274412329120157,0.01817834343494843,0.022178488610416672,0.03417892413682139,0.054179650014162584,0.1945231339054092,0.27872922424015717,0.30679792101840647,0.02340219175049996,0.04680438350099992,0.1170109587524998,0.2340219175049996,0.6114878822438443,0.8379674610871513,0.91346065403492,0.0029220562592539782,0.0058441125185079565,0.01461028129626989,0.02922056259253978,0.16850391982738583,0.25207393416829343,0.2799306056152626,0.0,0.0,0.0,0.0,0.023857078494952593,0.42433720665845315,0.7045989730968003,0.0,0.0,0.0,0.22965317077725594,0.4557812097906043,0.9847563080116177,0.9868550774971534,-0.4705473798392087,-0.4474418678019071,-0.37812533169000234,-0.2625977715034944,-0.16391765155810695,-0.10470957959087447,-0.08497355560179701,-0.3030626324904098,-0.2725641015468637,-0.18106850871622535,-0.0285758539984948,-0.02053373845873767,-0.01570846913488339,-0.014100046026931965,0.0,0.0,0.0027777861399691517,0.0,0
1.381802237053552e-15,0.12006237623234924,0.00939319520483318,0.0,0.0,0.0,0.0,0.0,0.0,0.0,0.0,0.0,0.0,0.0,0.0,0.0,0.0,0.0,0.0,0.3335611634339559,0.33486661779665583,0.046247040213197754,0.07831588216691532,0.174522408028068,0.33486661779665583,0.6669333088983279,0.8661733235593312,0.9325866617796655,0.28778368810639127,0.3129696047092881,0.38852735451797865,0.5144569375324629,0.7567284687662315,0.9020913875064926,0.9505456937532463,0.0,0.0,0.0,0.0,0.49186918357922665,0.7869906937267627,0.8853645304426079,0.23306222955499664,0.23647128833273737,0.2466984646659595,0.26374375855466303,0.6237253409117565,0.8397142903260125,0.9117106067974311,0.0,0.0,0.0,0.2340219175049996,0.3924952504393663,0.9847563080116177,0.9868550774971534,0.0,0.0,0.0,0.0,0.11090130675117374,0.38045363108296193,0.6828679934905163,-0.23323163596220925,-0.21049210463290766,-0.14227351064500282,-0.0285758539984948,0.0029856215012113024,0.021922506801034965,0.02823480190097618,-0.32972118892900604,-0.3245757600613562,-0.30913947345840675,-0.2834123291201577,-0.14879526368981894,-0.06802502443161568,-0.04110161134554796,0.0,0.0,0.32792656751805016,0.35174397820401015,1
5.987690928765078e-17,-5.920578661866258e-15,0.0022234149424670575,0.0,0.0,0.0,0.0,0.0,0.0,0.0,0.0,0.0,0.0,0.0,0.0,0.0,0.0,0.0,0.0,0.33486661779665583,0.3335611634339559,0.26969411069654053,0.2767904498895867,0.29807946746872516,0.3335611634339559,0.6662805817169779,0.8659122326867912,0.9324561163433955,0.046247040213197754,0.07831588216691532,0.174522408028068,0.33486661779665583,0.41489167361595064,0.4629067071075275,0.47891171827138646,0.022965317077725596,0.04593063415545119,0.11482658538862797,0.22965317077725594,0.6066800470230529,0.8328961727705311,0.9083015480196904,0.0,0.0,0.0,0.0,0.1259116238985761,0.20145859823772178,0.22664092301743696,0.0,0.0,0.0,0.0,0.11090130675117374,0.38045363108296193,0.6828679934905163,0.0,0.0,0.0,0.2340219175049996,0.3924952504393663,0.9847563080116177,0.9868550774971534,-0.4895049982407026,-0.4666058127828643,-0.3979082564093493,-0.2834123291201577,-0.2629229484002528,-0.2506293199683099,-0.24653144382432893,-0.3030626324904098,-0.2725641015468637,-0.18106850871622535,-0.0285758539984948,-0.02053373845873767,-0.01570846913488339,-0.014100046026931965,0.0,0.0,0.35174397820401015,0.32792656751805016,0
