graph_id,effca,effef,comcau,delta,delta2,delta.i1,delta.i2,delta.i3,delta.i4,delta.i5,delta.i6,delta.i7,delta2.i1,delta2.i2,delta2.i3,delta2.i4,delta2.i5,delta2.i6,delta2.i7,ca.ef,ef.ca,I1.i1,I1.i2,I1.i3,I1.i4,I1.i5,I1.i6,I1.i7,I1.j1,I1.j2,I1.j3,I1.j4,I1.j5,I1.j6,I1.j7,I2.i1,I2.i2,I2.i3,I2.i4,I2.i5,I2.i6,I2.i7,I2.j1,I2.j2,I2.j3,I2.j4,I2.j5,I2.j6,I2.j7,I3.i1,I3.i2,I3.i3,I3.i4,I3.i5,I3.i6,I3.i7,I3.j1,I3.j2,I3.j3,I3.j4,I3.j5,I3.j6,I3.j7,Int3.i1,Int3.i2,Int3.i3,Int3.i4,Int3.i5,Int3.i6,Int3.i7,Int3.j1,Int3.j2,Int3.j3,Int3.j4,Int3.j5,Int3.j6,Int3.j7,gini.delta,gini.delta2,gini.ca.ef,gini.ef.ca,is_causal
0,-0.04680109087491606,-3.51373725999495e-17,0.0,0.0,0.0,0.0,0.0,0.0,0.0,0.0,0.0,0.0,0.0,0.0,0.0,0.0,0.0,0.0,0.0,0.0,0.0,0.0,0.0,0.0,0.0,0.0,0.0,0.0,0.0,0.0,0.0,0.0,0.0,0.0,0.0,0.0,0.0,0.0,0.0,0.0,0.0,0.0,0.0,0.0,0.0,0.0,0.0,0.0,0.0,0.0,0.0,0.0,0.0,0.24770948019788172,0.693586544554069,0.8422122326727974,0.0,0.0,0.0,0.0,0.24770505412184748,0.6935741515411731,0.8421971840142811,0.0,0.0,0.0,0.0,0.0,0.0,0.0,0.0,0.0,0.0,0.0,0.0,0.0,0.0,0.0,0.0,0.0,0.0,1
0,-1.3180659880506462e-16,-1.7348189235189624e-16,0.0,0.0,0.0,0.0,0.0,0.0,0.0,0.0,0.0,0.0,0.0,0.0,0.0,0.0,0.0,0.0,0.0,0.0,0.0,0.0,0.0,0.0,0.0,0.0,0.0,0.0,0.0,0.0,0.0,0.0,0.0,0.0,0.0,0.0,0.0,0.0,0.0,0.0,0.0,0.0,0.0,0.0,0.0,0.0,0.0,0.0,0.0,0.0,0.0,0.0,0.0,0.0,0.0,0.0,0.0,0.0,0.0,0.0,0.0,0.0,0.0,0.0,0.0,0.0,0.0,0.0,0.0,0.0,0.0,0.0,0.0,0.0,0.0,0.0,0.0,0.0,0.0,0.0,0.0,0
0,-0.017355731521688685,3.6971140337435706e-17,0.0,0.0,0.0,0.0,0.0,0.0,0.0,0.0,0.0,0.0,0.0,0.0,0.0,0.0,0.0,0.0,0.0,0.0,0.0,0.04995,0.0999,0.24975,0.4995,0.74925,0.8991,0.94905,0.0,0.0,0.0,0.0,0.0,0.0,0.0,0.0495410108243695,0.099082021648739,0.24770505412184748,0.49541010824369497,0.7431151623655424,0.8917381948386509,0.9412792056630204,0.0,0.0,0.0,0.0,0.0,0.0,0.0,0.0,0.0,0.0,0.0,0.0,0.0,0.0,0.0,0.0,0.0,0.0,0.24770505412184748,0.6935741515411731,0.8421971840142811,0.0,0.0,0.0,0.0,0.0,0.0,0.0,0.0,0.0,0.0,0.0,0.0,0.0,0.0,0.0645051053704948,0.0,0.0,0.0,1
0,3.6971140337435706e-17,-4.556322419489637e-17,0.0,0.0,0.0,0.0,0.0,0.0,0.0,0.0,0.0,0.0,0.0,0.0,0.0,0.0,0.0,0.0,0.0,0.0,0.0,0.0,0.0,0.0,0.0,0.0,0.0,0.0,0.04995,0.0999,0.24975,0.4995,0.74925,0.8991,0.94905,0.0,0.0,0.0,0.0,0.0,0.0,0.0,0.0495410108243695,0.099082021648739,0.24770505412184748,0.49541010824369497,0.7431151623655424,0.8917381948386509,0.9412792056630204,0.0,0.0,0.0,0.0,0.24770505412184748,0.6935741515411731,0.8421971840142811,0.0,0.0,0.0,0.0,0.0,0.0,0.0,0.0,0.0,0.0,0.0,0.0,0.0,0.0,0.0,0.0,0.0,0.0,0.0,0.0,0.0,0.0,0.0,0.0,0.0,0
0,5.3051344872220796e-17,1.0902702034337772e-18,0.0,0.0,0.0,0.0,0.0,0.0,0.0,0.0,0.0,0.0,0.0,0.0,0.0,0.0,0.0,0.0,0.0,0.0,0.0,0.0,0.0,0.0,0.0,0.0,0.0,0.0,0.04995,0.0999,0.24975,0.4995,0.74925,0.8991,0.94905,0.0,0.0,0.0,0.0,0.0,0.0,0.0,0.04954830985393942,0.09909661970787884,0.24774154926969708,0.49548309853939415,0.7432246478090913,0.8918695773709095,0.9414178872248489,0.0,0.0,0.0,0.0,0.24774154926969708,0.693676337955152,0.8423212675169697,0.0,0.0,0.0,0.0,0.0,0.0,0.0,0.0,0.0,0.0,0.0,0.0,0.0,0.0,0.0,0.0,0.0,0.0,0.0,0.0,0.0,0.0,0.0,0.0,0.0,1
0,1.0902702034337772e-18,2.727623553624134e-17,0.0,0.0,0.0,0.0,0.0,0.0,0.0,0.0,0.0,0.0,0.0,0.0,0.0,0.0,0.0,0.0,0.0,0.0,0.0,0.04995,0.0999,0.24975,0.4995,0.74925,0.8991,0.94905,0.04995,0.0999,0.24975,0.4995,0.74925,0.8991,0.94905,0.04954830985393942,0.09909661970787884,0.24774154926969708,0.49548309853939415,0.7432246478090913,0.8918695773709095,0.9414178872248489,0.049541896039576344,0.09908379207915269,0.24770948019788172,0.49541896039576344,0.7431284405936451,0.8917541287123742,0.9412960247519505,0.0,0.0,0.0,0.0,0.24770948019788172,0.693586544554069,0.8422122326727974,0.0,0.0,0.0,0.0,0.24774154926969708,0.693676337955152,0.8423212675169697,0.0,0.0,0.0,0.0,0.0,0.0,0.0,0.0,0.0,0.0,0.0,0.0,0.0,0.0,0.0,0.0,0.0,0.0,0
0,0.08812959108969316,0.09244274981009942,0.0,0.0,0.0,0.0,0.0,0.0,0.0,0.0,0.0,0.0,0.0,0.0,0.0,0.0,0.0,0.0,0.0,0.0,0.0,0.04995,0.0999,0.24975,0.4995,0.74925,0.8991,0.94905,0.04995,0.0999,0.24975,0.4995,0.74925,0.8991,0.94905,0.04950569263640659,0.09901138527281318,0.24752846318203295,0.4950569263640659,0.7425853895460989,0.8911024674553186,0.9406081600917252,0.049518496876208296,0.09903699375241659,0.24759248438104145,0.4951849687620829,0.7427774531431244,0.8913329437717492,0.9408514406479574,0.0,0.0,0.0,0.0,0.0,0.0,0.0,0.0,0.0,0.0,0.0,0.0,0.0,0.0,0.0,0.0,0.0,0.0,0.0,0.0,0.0,0.0,0.0,0.0,0.0,0.0,0.0,0.0,0.0,0.0,0.0,0.0,1
0,-3.4361710197520163e-16,4.0251999325576773e-16,0.0005495495588499998,0.0,0.0,0.0,0.0,0.0,0.0,0.0,0.0,0.0,0.0,0.0,0.0,0.0,0.0,0.0,0.0,0.0,0.0,0.0,0.0,0.0,0.0,0.0,0.0,0.0,0.0,0.0,0.0,0.0,0.0,0.0,0.0,0.0,0.0,0.0,0.0,0.0,0.0,0.0,0.0,0.0,0.0,0.0,0.0,0.0,0.0,0.0,0.0,0.0,0.0,0.0,0.0,0.0,0.0,0.0,0.0,0.0,0.0,0.0,0.0,0.0,0.0,0.0,0.0,0.0,0.0,0.0,0.0,0.0,0.0,0.0,0.0,0.0,0.0,0.0,0.0,0.0,0.0,0
0,4.0021570103683196e-17,0.09921548726901876,0.0,0.0,0.0,0.0,0.0,0.0,0.0,0.0,0.0,0.0,0.0,0.0,0.0,0.0,0.0,0.0,0.0,0.0,0.0,0.04995,0.0999,0.24975,0.4995,0.74925,0.8991,0.94905,0.04995,0.0999,0.24975,0.4995,0.74925,0.8991,0.94905,0.04952186625847267,0.09904373251694534,0.24760933129236334,0.4952186625847267,0.7428279938770901,0.8913935926525081,0.9409154589109807,0.049541764631927145,0.09908352926385429,0.24770882315963572,0.49541764631927143,0.7431264694789071,0.8917517633746886,0.9412935280066157,0.0,0.0,0.0,0.0,0.24770882315963572,0.6935847048469802,0.8422099987427611,0.0,0.0,0.0,0.0,0.0,0.0,0.0,0.0,0.0,0.0,0.0,0.0,0.0,0.0,0.0,0.0,0.0,0.0,0.0,0.0,0.0,0.0,0.0,0.0,0.0,1
0,1.790056742633409e-17,-9.474030502982424e-17,0.0,0.0,0.0,0.0,0.0,0.0,0.0,0.0,0.0,0.0,0.0,0.0,0.0,0.0,0.0,0.0,0.0,0.0,0.0,0.04995,0.0999,0.24975,0.4995,0.74925,0.8991,0.94905,0.0,0.0,0.0,0.0,0.0,0.0,0.0,0.049541764631927145,0.09908352926385429,0.24770882315963572,0.49541764631927143,0.7431264694789071,0.8917517633746886,0.9412935280066157,0.0,0.0,0.0,0.0,0.0,0.0,0.0,0.0,0.0,0.0,0.0,0.0,0.0,0.0,0.0,0.0,0.0,0.0,0.24770882315963572,0.6935847048469802,0.8422099987427611,0.0,0.0,0.0,0.0,0.0,0.0,0.0,0.0,0.0,0.0,0.0,0.0,0.0,0.0,0.0,0.0,0.0,0.0,0
0,3.982862960410439e-17,-0.20935045934274227,0.0,0.0,0.0,0.0,0.0,0.0,0.0,0.0,0.0,0.0,0.0,0.0,0.0,0.0,0.0,0.0,0.0,0.0,0.0,0.0,0.0,0.0,0.0,0.0,0.0,0.0,0.0,0.0,0.0,0.0,0.0,0.0,0.0,0.0,0.0,0.0,0.0,0.0,0.0,0.0,0.0,0.0,0.0,0.0,0.0,0.0,0.0,0.0,0.0,0.0,0.0,0.24770882315963572,0.6935847048469802,0.8422099987427611,0.0,0.0,0.0,0.0,0.24774154926969708,0.693676337955152,0.8423212675169697,0.0,0.0,0.0,0.0,0.0,0.0,0.0,0.0,0.0,0.0,0.0,0.0,0.0,0.0,0.0,0.0022684637433764516,0.0,0.0,1
0,1.5504683218855928e-17,3.982862960410439e-17,0.0,0.0,0.0,0.0,0.0,0.0,0.0,0.0,0.0,0.0,0.0,0.0,0.0,0.0,0.0,0.0,0.0,0.0,0.0,0.0,0.0,0.0,0.0,0.0,0.0,0.0,0.0,0.0,0.0,0.0,0.0,0.0,0.0,0.0,0.0,0.0,0.0,0.0,0.0,0.0,0.0,0.0,0.0,0.0,0.0,0.0,0.0,0.0,0.0,0.0,0.0,0.24774154926969708,0.693676337955152,0.8423212675169697,0.0,0.0,0.0,0.0,0.24770882315963572,0.6935847048469802,0.8422099987427611,0.0,0.0,0.0,0.0,0.0,0.0,0.0,0.0,0.0,0.0,0.0,0.0,0.0,0.0,0.0,0.0,0.0,0.0,0
1,0.3526008046895042,2.5109457975147003e-16,0.36923191485912366,0.0,0.0,0.0,0.0,0.0,0.0,0.0,0.0,0.0,0.0,0.0,0.0,0.0,0.0,0.0,0.0,0.4378331235601186,0.4549589151836547,0.04995,0.0999,0.24975,0.4995,0.74925,0.8991,0.94905,0.4658914673821127,0.49394981120410675,0.5781248426700889,0.7184165617800593,0.8587082808900297,0.9428833123560119,0.9709416561780059,0.049038741977826136,0.09807748395565227,0.24519370988913067,0.49038741977826134,0.735581129667392,0.8826973556008704,0.9317360975786965,0.049009082363367776,0.09801816472673555,0.24504541181683887,0.49009082363367773,0.7351362354505167,0.8821634825406199,0.9311725649039877,0.0,0.0,0.0,0.0,0.0,0.0,0.0,0.0,0.0,0.0,0.0,0.24519370988913067,0.686542387689566,0.8336586136230439,-0.4378331235601186,-0.4378331235601186,-0.4378331235601186,-0.4378331235601186,-0.4378331235601186,-0.4378331235601186,-0.4378331235601186,0.0,0.0,0.0,0.0,0.0,0.0,0.0,0.0,0.0,0.3013099170508575,0.3659894890040637,1
1,7.836980807776152e-17,6.304524818656115e-17,0.23026286602424942,0.0,0.0,0.0,0.0,0.0,0.0,0.0,0.0,0.0,1.169411382398996e-07,2.338822764797992e-07,5.84705691199498e-07,1.169411382398996e-06,1.7541170735984938e-06,2.1049404883181925e-06,2.221881626558092e-06,0.4549589151836547,0.4378331235601186,0.021891656178005932,0.043783312356011864,0.10945828089002965,0.2189165617800593,0.328374842670089,0.39404981120410676,0.4159414673821127,0.482160969424472,0.5093630236652893,0.5909691863877411,0.7269794575918274,0.8629897287959136,0.9445958915183654,0.9717979457591827,0.0012111506687260583,0.0024223013374521166,0.0060557533436302905,0.012111506687260581,0.01816726003089087,0.021800712037069046,0.023011862705795104,0.049038741977826136,0.09807748395565227,0.24519370988913067,0.49038741977826134,0.735581129667392,0.8826973556008704,0.9317360975786965,0.0,0.0,0.0,0.16883588554987858,0.49844753821394855,0.7878439190194931,0.8843093792880076,0.0,0.0,0.0,0.0,0.0060557533436302905,0.016956109362164816,0.02058956136834298,-0.4549589151836547,-0.4549589151836547,-0.4549589151836547,-0.4549589151836547,-0.4549589151836547,-0.4549589151836547,-0.4549589151836547,-0.18394188920660004,-0.18394188920660004,-0.18394188920660004,-0.18394188920660004,-0.18394188920660004,-0.18394188920660004,-0.18394188920660004,0.0,0.0,0.3659894890040637,0.3013099170508575,0
1,-0.40986465446354575,1.267041229069193e-16,0.002832136023982562,0.002832136023982562,0.0,0.0,0.0,0.0,0.0,0.0,0.0,0.0,0.0,0.0,0.0,0.0,0.0,0.0,0.0,0.0,0.0,0.009197094460330003,0.018394188920660005,0.04598547230165001,0.09197094460330002,0.13795641690495003,0.16554770028594004,0.17474479474627003,0.021891656178005932,0.043783312356011864,0.10945828089002965,0.2189165617800593,0.328374842670089,0.39404981120410676,0.4159414673821127,0.1210046748250635,0.1307394880194881,0.15994392760276196,0.20861799357488503,0.2572920595470081,0.28649649913028197,0.29623131232470656,0.02657297095451347,0.05314594190902694,0.13286485477256735,0.2657297095451347,0.398594564317702,0.47831347718124245,0.5048864481357559,0.0,0.0,0.0,0.25838901596740554,0.6342544603367353,0.845712031460199,0.9161978885013533,0.016690479244595834,0.03338095848919167,0.08345239622297915,0.20861799357488503,0.4746683040284791,0.7783322253453053,0.8795535324509137,-0.20103560874037985,-0.20103560874037985,-0.20103560874037985,-0.20103560874037985,-0.20103560874037985,-0.20103560874037985,-0.20103560874037985,0.0,0.0,0.0,0.0,0.0,0.0,0.0,0.15268054099257405,0.0,0.0,0.0,1
1,1.267041229069193e-16,8.984032409994424e-17,0.0,0.0,0.0,0.0,0.0,0.0,0.0,0.0,0.0,0.0,0.0,0.0,0.0,0.0,0.0,0.0,0.0,0.0,0.0,0.021891656178005932,0.043783312356011864,0.10945828089002965,0.2189165617800593,0.328374842670089,0.39404981120410676,0.4159414673821127,0.009197094460330003,0.018394188920660005,0.04598547230165001,0.09197094460330002,0.13795641690495003,0.16554770028594004,0.17474479474627003,0.02657297095451347,0.05314594190902694,0.13286485477256735,0.2657297095451347,0.398594564317702,0.47831347718124245,0.5048864481357559,0.01529830627595656,0.03059661255191312,0.0764915313797828,0.1529830627595656,0.2294745941393484,0.2753695129672181,0.29066781924317464,0.0,0.0,0.0,0.16883588554987858,0.49844753821394855,0.7878439190194931,0.8843093792880076,0.0,0.0,0.0,0.2657297095451347,0.645265500703329,0.8501164476068366,0.9184000965746721,-0.4549589151836547,-0.4549589151836547,-0.4549589151836547,-0.4549589151836547,-0.4549589151836547,-0.4549589151836547,-0.4549589151836547,-0.20103560874037985,-0.20103560874037985,-0.20103560874037985,-0.20103560874037985,-0.20103560874037985,-0.20103560874037985,-0.20103560874037985,0.0,0.0,0.0,0.0,0
1,-1.515100321378761e-16,-2.1633344363341928e-16,0.5245314198716744,0.0,0.0,0.0,0.0,0.0,0.0,0.0,0.0,0.0,0.0,0.0,0.0,0.0,0.0,0.0,0.0,0.20103560874037985,0.18394188920660004,0.22469479474627005,0.26544770028594006,0.38770641690495,0.5914709446033,0.79523547230165,0.91749418892066,0.95824709446033,0.24093382830336085,0.28083204786634186,0.4005267065552849,0.6000178043701899,0.799508902185095,0.919203560874038,0.959101780437019,0.04932011840577605,0.0986402368115521,0.24660059202888024,0.4932011840577605,0.7398017760866407,0.8877621313039689,0.9370822497097449,0.04933418727712541,0.09866837455425082,0.246670936385627,0.493341872771254,0.7400128091568811,0.8880153709882572,0.9373495582653826,0.0,0.0,0.0,0.0,0.246670936385627,0.6906786218797558,0.8386811837111314,0.0,0.0,0.0,0.0,0.24660059202888024,0.6904816576808648,0.8384420128981924,-0.20103560874037985,-0.20103560874037985,-0.20103560874037985,-0.20103560874037985,-0.20103560874037985,-0.20103560874037985,-0.20103560874037985,-0.18394188920660004,-0.18394188920660004,-0.18394188920660004,-0.18394188920660004,-0.18394188920660004,-0.18394188920660004,-0.18394188920660004,0.0,0.0,0.22347229003238278,0.19921485995038768,1
1,-2.1633344363341928e-16,9.471834753176392e-17,0.5919969157916241,0.0,0.0,0.0,0.0,0.0,0.0,0.0,0.0,0.0,0.0,0.0,0.0,0.0,0.0,0.0,0.0,0.18394188920660004,0.20103560874037985,0.24093382830336085,0.28083204786634186,0.4005267065552849,0.6000178043701899,0.799508902185095,0.919203560874038,0.959101780437019,0.009197094460330003,0.018394188920660005,0.04598547230165001,0.09197094460330002,0.13795641690495003,0.16554770028594004,0.17474479474627003,0.04933418727712541,0.09866837455425082,0.246670936385627,0.493341872771254,0.7400128091568811,0.8880153709882572,0.9373495582653826,0.0,0.0,0.0,0.0,0.0,0.0,0.0,0.0,0.0,0.0,0.0,0.0060557533436302905,0.016956109362164816,0.02058956136834298,0.0,0.0,0.0,0.2657297095451347,0.645265500703329,0.8501164476068366,0.9184000965746721,-0.4378331235601186,-0.4378331235601186,-0.4378331235601186,-0.4378331235601186,-0.4378331235601186,-0.4378331235601186,-0.4378331235601186,-0.20103560874037985,-0.20103560874037985,-0.20103560874037985,-0.20103560874037985,-0.20103560874037985,-0.20103560874037985,-0.20103560874037985,0.0,0.0,0.19921485995038768,0.22347229003238278,0
1,0.05801299858078473,0.11363708093146206,0.0,0.0,0.0,0.0,0.0,0.0,0.0,0.0,0.0,0.0,0.0,0.0,0.0,0.0,0.0,0.0,0.0,0.000638663372937609,0.0,0.04995,0.0999,0.24975,0.4995,0.74925,0.8991,0.94905,0.4658914673821127,0.49394981120410675,0.5781248426700889,0.7184165617800593,0.8587082808900297,0.9428833123560119,0.9709416561780059,0.04945510098312472,0.09891020196624944,0.2472755049156236,0.4945510098312472,0.7418265147468708,0.890191817696245,0.9396469186793697,0.4644823073256482,0.4921126952605631,0.5750038590653078,0.7131557987398823,0.8513077384144568,0.9341989022192015,0.9618292901541164,0.0,0.0,0.0,0.21842595969536666,0.5751325855547973,0.8240377846501123,0.9070061843485504,0.0,0.0,0.0,0.0,0.24519370988913067,0.686542387689566,0.8336586136230439,-0.01810699579292141,-0.01810699579292141,-0.01810699579292141,-0.01810699579292141,-0.01810699579292141,-0.01810699579292141,-0.01810699579292141,0.0,0.0,0.0,0.0,0.0,0.0,0.0,0.0,0.0,0.0,0.024232586294759217,1
1,5.7225410803074894e-18,-2.614115794735215e-16,0.0,0.0,0.0,0.0,0.0,0.0,0.0,0.0,0.0,0.0,0.0,0.0,0.0,0.0,0.0,0.0,0.0,0.0,0.000638663372937609,0.022498386382296662,0.044358109391655715,0.10993727841973286,0.2192358934665281,0.32853450851332333,0.39411367754140053,0.41597340055075954,0.0,0.0,0.0,0.0,0.0,0.0,0.0,0.021842595969536666,0.04368519193907333,0.10921297984768333,0.21842595969536666,0.32763893954305,0.39316672745166,0.4150093234211966,0.0,0.0,0.0,0.0,0.0,0.0,0.0,0.0,0.0,0.0,0.0,0.24519370988913067,0.686542387689566,0.8336586136230439,0.0,0.0,0.0,0.21842595969536666,0.5751325855547973,0.8240377846501123,0.9070061843485504,-0.4549589151836547,-0.4549589151836547,-0.4549589151836547,-0.4549589151836547,-0.4549589151836547,-0.4549589151836547,-0.4549589151836547,0.0,0.0,0.0,0.0,0.0,0.0,0.0,0.0,0.0,0.024232586294759217,0.0,0
1,4.092832860380332e-16,0.10075061297988573,0.18921868713309686,0.0,0.0,0.0,0.0,0.0,0.0,0.0,0.0,0.0,0.0,0.0,0.0,0.0,0.0,0.0,0.0,0.0,0.0,0.0,0.0,0.0,0.0,0.0,0.0,0.0,0.482160969424472,0.5093630236652893,0.5909691863877411,0.7269794575918274,0.8629897287959136,0.9445958915183654,0.9717979457591827,0.02032982085282615,0.0406596417056523,0.10164910426413074,0.20329820852826147,0.3049473127923922,0.36593677535087066,0.3862665962036968,0.4399844101635236,0.4689312614205481,0.5557718151916216,0.700506071476744,0.8452403277618665,0.93208088153294,0.9610277327899645,0.15879927771420027,0.20786739095123552,0.3550717306623412,0.536524162799297,0.7246409506676428,0.8838411306952506,0.9369078573711197,0.0,0.0,0.0,0.0,0.0060557533436302905,0.016956109362164816,0.02058956136834298,-0.01810699579292141,-0.01810699579292141,-0.01810699579292141,-0.01810699579292141,-0.01810699579292141,-0.01810699579292141,-0.01810699579292141,-0.18394188920660004,-0.18394188920660004,-0.18394188920660004,-0.18394188920660004,-0.18394188920660004,-0.18394188920660004,-0.18394188920660004,0.0,0.0,0.0,0.0,1
1,1.4634435618476456e-17,-2.737385280841306e-16,0.26085553079772317,0.0,0.0,0.0,0.0,0.0,0.0,0.0,0.0,0.0,0.0,0.0,0.0,0.0,0.0,0.0,0.0,0.0,0.0,0.04995,0.0999,0.24975,0.4995,0.74925,0.8991,0.94905,0.0,0.0,0.0,0.0,0.0,0.0,0.0,0.049498729202349455,0.09899745840469891,0.24749364601174725,0.4949872920234945,0.7424809380352417,0.8909771256422901,0.9404758548446395,0.0,0.0,0.0,0.0,0.0,0.0,0.0,0.0,0.0,0.0,0.0,0.0,0.0,0.0,0.0,0.0,0.0,0.21842595969536666,0.5751325855547973,0.8240377846501123,0.9070061843485504,-0.4378331235601186,-0.4378331235601186,-0.4378331235601186,-0.4378331235601186,-0.4378331235601186,-0.4378331235601186,-0.4378331235601186,0.0,0.0,0.0,0.0,0.0,0.0,0.0,0.0,0.0,0.0,0.0,0
1,-1.8572215168939728e-17,-0.9004975681319938,0.47754043308785044,0.0,0.4247498297436394,0.023877021654392525,0.04775404330878505,0.11938510827196261,0.23877021654392522,0.35815532481588785,0.4297863897790654,0.4536634114334579,0.0,0.0,0.0,0.0,0.0,0.0,0.0,0.0,0.0,0.0,0.0,0.0,0.0,0.0,0.0,0.0,0.009197094460330003,0.018394188920660005,0.04598547230165001,0.09197094460330002,0.13795641690495003,0.16554770028594004,0.17474479474627003,0.02129454006548077,0.04258908013096154,0.10647270032740384,0.2129454006548077,0.3194181009822115,0.38330172117865385,0.4045962612441346,0.0688452255372651,0.09808781629244405,0.18581558855798086,0.3320285423338755,0.4782414961097702,0.565969268375307,0.5952118591304859,0.15879927771420027,0.20786739095123552,0.3550717306623412,0.536524162799297,0.7246409506676428,0.8838411306952506,0.9369078573711197,0.0,0.0,0.0,0.2657297095451347,0.645265500703329,0.8501164476068366,0.9184000965746721,-0.01810699579292141,-0.01810699579292141,-0.01810699579292141,-0.01810699579292141,-0.01810699579292141,-0.01810699579292141,-0.01810699579292141,-0.20103560874037985,-0.20103560874037985,-0.20103560874037985,-0.20103560874037985,-0.20103560874037985,-0.20103560874037985,-0.20103560874037985,0.0,0.3438942024673548,0.0,0.0,1
1,7.30670663839804e-17,-1.8572215168939728e-17,0.4247498297436394,0.0,0.0,0.0,0.0,0.0,0.0,0.0,0.0,0.0,0.0,0.0,0.0,0.0,0.0,0.0,0.0,0.0,0.0,0.009197094460330003,0.018394188920660005,0.04598547230165001,0.09197094460330002,0.13795641690495003,0.16554770028594004,0.17474479474627003,0.0,0.0,0.0,0.0,0.0,0.0,0.0,0.031222722494283248,0.062445444988566495,0.15611361247141622,0.31222722494283245,0.4683408374142487,0.5620090048970984,0.5932317273913816,0.02129454006548077,0.04258908013096154,0.10647270032740384,0.2129454006548077,0.3194181009822115,0.38330172117865385,0.4045962612441346,0.0,0.0,0.0,0.25838901596740554,0.6342544603367353,0.845712031460199,0.9161978885013533,0.0,0.0,0.0,0.31222722494283245,0.715834483425996,0.8803185437985919,0.9351465639227903,-0.20103560874037985,-0.20103560874037985,-0.20103560874037985,-0.20103560874037985,-0.20103560874037985,-0.20103560874037985,-0.20103560874037985,0.0,0.0,0.0,0.0,0.0,0.0,0.0,0.0,0.0,0.0,0.0,0
2,0.33358434882629623,2.2108615337907653e-16,0.4620584235761113,0.0,0.0,0.0,0.0,0.0,0.0,0.0,0.0,0.0,0.0,0.0,0.0,0.0,0.0,0.0,0.0,0.7344706294853158,0.725865343327027,0.3745488055479002,0.4074146578874844,0.5060122149062369,0.670341476604158,0.834670738302079,0.9332682953208316,0.9661341476604157,0.74769709801105,0.7609235665367843,0.8006029721139869,0.866735314742658,0.9328676573713289,0.9725470629485315,0.9857735314742658,0.048003842570494,0.096007685140988,0.24001921285246997,0.48003842570493993,0.7200576385574099,0.8640691662688919,0.9120730088393858,0.04806429808162041,0.09612859616324082,0.24032149040810205,0.4806429808162041,0.7209644712243062,0.8651573654691674,0.9132216635507877,0.0,0.0,0.0,0.0,0.022264610891514075,0.062340910496239424,0.07569967703114783,0.0,0.0,0.0,0.0,0.24001921285246997,0.6720537959869161,0.8160653236983976,-0.7344706294853158,-0.7344706294853158,-0.7344706294853158,-0.7344706294853158,-0.7344706294853158,-0.7344706294853158,-0.7344706294853158,-0.4483209813067559,-0.4483209813067559,-0.4483209813067559,-0.4483209813067559,-0.4483209813067559,-0.4483209813067559,-0.4483209813067559,0.20174258123812477,0.0,0.6126406123114404,0.7718571101644119,1
2,-1.540140182711483e-16,3.4893122305383125e-17,0.49881652278296756,0.0,0.0,0.0,0.0,0.0,0.0,0.0,0.0,0.0,0.0,0.0,0.0,0.0,0.0,0.0,0.0,0.725865343327027,0.7344706294853158,0.20878637945884482,0.2364539715655012,0.3194567478854703,0.45779470841875214,0.596132668952034,0.6791354452720031,0.7068030373786595,0.7395220761606757,0.7531788089943243,0.7941490074952703,0.8624326716635136,0.9307163358317567,0.9716865343327027,0.9853432671663513,0.0,0.0,0.0,0.0,0.0,0.0,0.0,0.048003842570494,0.096007685140988,0.24001921285246997,0.48003842570493993,0.7200576385574099,0.8640691662688919,0.9120730088393858,0.0,0.0,0.0,0.09224136154161458,0.37838125516489185,0.7273986129118848,0.843737732160882,0.0,0.0,0.0,0.0,0.0,0.0,0.0,-0.725865343327027,-0.725865343327027,-0.725865343327027,-0.725865343327027,-0.725865343327027,-0.725865343327027,-0.725865343327027,-0.3569772303696014,-0.3569772303696014,-0.3569772303696014,-0.3569772303696014,-0.3569772303696014,-0.3569772303696014,-0.3569772303696014,0.0,0.0,0.7718571101644119,0.6126406123114404,0
2,0.1558620600771551,-3.2685122892995e-16,0.0,0.0,0.0,0.0,0.0,0.0,0.0,0.0,0.0,0.0,0.0,0.0,0.0,0.0,0.0,0.0,0.0,0.18111878735218845,0.14434121046934423,0.09377811810169367,0.10763070295789935,0.14918845752651635,0.2184513818075447,0.28771430608857307,0.32927206065719006,0.3431246455133957,0.20878637945884482,0.2364539715655012,0.3194567478854703,0.45779470841875214,0.596132668952034,0.6791354452720031,0.7068030373786595,0.014189739758381281,0.028379479516762562,0.0709486987919064,0.1418973975838128,0.21284609637571922,0.25541531565086306,0.26960505540924434,0.03307485818568667,0.06614971637137335,0.16537429092843337,0.33074858185686673,0.4961228727853001,0.5953474473423601,0.6284223055280468,0.0,0.0,0.0,0.10288930977110279,0.40012277918519434,0.7499422665425742,0.8665487623283671,0.0,0.0,0.0,0.1418973975838128,0.4528653092281892,0.7571922345372037,0.8586345429735415,-0.44648733221284853,-0.44648733221284853,-0.44648733221284853,-0.44648733221284853,-0.44648733221284853,-0.44648733221284853,-0.44648733221284853,-0.4483209813067559,-0.4483209813067559,-0.4483209813067559,-0.4483209813067559,-0.4483209813067559,-0.4483209813067559,-0.4483209813067559,0.0,0.0,0.16239947013921363,0.21360850857752722,1
2,-3.2685122892995e-16,7.154266990013897e-17,0.0,0.0,0.0,0.0,0.0,0.0,0.0,0.0,0.0,0.0,0.0,0.0,0.0,0.0,0.0,0.0,0.0,0.14434121046934423,0.18111878735218845,0.20878637945884482,0.2364539715655012,0.3194567478854703,0.45779470841875214,0.596132668952034,0.6791354452720031,0.7068030373786595,0.15497301146435707,0.16560481245936995,0.19750021544440852,0.2506592204194728,0.30381822539453707,0.3357136283795757,0.3463454293745885,0.03307485818568667,0.06614971637137335,0.16537429092843337,0.33074858185686673,0.4961228727853001,0.5953474473423601,0.6284223055280468,0.014189739758381281,0.028379479516762562,0.0709486987919064,0.1418973975838128,0.21284609637571922,0.25541531565086306,0.26960505540924434,0.0,0.0,0.0,0.09224136154161458,0.37838125516489185,0.7273986129118848,0.843737732160882,0.0,0.0,0.0,0.33074858185686673,0.7419116873138403,0.8866578297940325,0.9349065439540964,-0.725865343327027,-0.725865343327027,-0.725865343327027,-0.725865343327027,-0.725865343327027,-0.725865343327027,-0.725865343327027,-0.44648733221284853,-0.44648733221284853,-0.44648733221284853,-0.44648733221284853,-0.44648733221284853,-0.44648733221284853,-0.44648733221284853,0.0,0.0,0.21360850857752722,0.16239947013921363,0
2,2.5883966896864283e-17,1.8504335543639577e-17,0.15106162661158976,0.0,0.0,0.0,0.0,0.0,0.0,0.0,0.0,0.0,0.0,0.0,0.0,0.0,0.0,0.0,0.0,0.44648733221284853,0.3569772303696014,0.3890783688511213,0.42117950733264126,0.5174829227772011,0.6779886151848007,0.8384943075924003,0.9347977230369602,0.96689886151848,0.4741129656022061,0.5017385989915637,0.5846154991596364,0.7227436661064243,0.8608718330532121,0.9437487332212848,0.9713743666106424,0.049025409899520096,0.09804931395799461,0.2451210261334181,0.4902405464257907,0.7353600667181632,0.8824317788935867,0.9314556829520612,0.04915776290570803,0.09831552581141606,0.24578881452854015,0.4915776290570803,0.7373664435856204,0.8848397323027446,0.9339974952084525,0.0,0.0,0.0,0.0,0.24578881452854015,0.6882086806799126,0.8356819693970361,0.0,0.0,0.0,7.529205227938189e-07,0.2451210261334181,0.6863361626596889,0.8334078748351119,-0.44648733221284853,-0.44648733221284853,-0.44648733221284853,-0.44648733221284853,-0.44648733221284853,-0.44648733221284853,-0.44648733221284853,-0.3569772303696014,-0.3569772303696014,-0.3569772303696014,-0.3569772303696014,-0.3569772303696014,-0.3569772303696014,-0.3569772303696014,0.0,0.0,0.30578557742714796,0.4582965202262328,1
2,1.8504335543639577e-17,3.1979631367251676e-16,0.2972903504147398,0.0,0.0,0.0,0.0,0.0,0.0,0.0,0.0,0.0,0.0,0.0,0.0,0.0,0.0,0.0,0.0,0.3569772303696014,0.44648733221284853,0.4741129656022061,0.5017385989915637,0.5846154991596364,0.7227436661064243,0.8608718330532121,0.9437487332212848,0.9713743666106424,0.15497301146435707,0.16560481245936995,0.19750021544440852,0.2506592204194728,0.30381822539453707,0.3357136283795757,0.3463454293745885,0.04915776290570803,0.09831552581141606,0.24578881452854015,0.4915776290570803,0.7373664435856204,0.8848397323027446,0.9339974952084525,7.529205227938189e-08,1.5058410455876379e-07,3.7646026139690944e-07,7.529205227938189e-07,1.1293807841907284e-06,1.355256941028874e-06,1.4305489933082559e-06,0.0,0.0,0.0,0.0,0.0,0.0,0.0,0.0,0.0,0.0,0.33074858185686673,0.7419116873138403,0.8866578297940325,0.9349065439540964,-0.7344706294853158,-0.7344706294853158,-0.7344706294853158,-0.7344706294853158,-0.7344706294853158,-0.7344706294853158,-0.7344706294853158,-0.44648733221284853,-0.44648733221284853,-0.44648733221284853,-0.44648733221284853,-0.44648733221284853,-0.44648733221284853,-0.44648733221284853,0.0,0.0,0.4582965202262328,0.30578557742714796,0
2,0.1496900045739469,0.3250272502509287,0.09588674457188597,0.0,0.0,0.0,0.0,0.0,0.0,0.0,0.0,0.0,0.0,0.0,0.0,0.0,0.0,0.0,0.0,0.476825590088058,0.5522363264564722,0.4758549322414181,0.5033888831760803,0.5859907359800669,0.7236604906533779,0.861330245326689,0.9439320981306756,0.9714660490653377,0.74769709801105,0.7609235665367843,0.8006029721139869,0.866735314742658,0.9328676573713289,0.9725470629485315,0.9857735314742658,0.048968442615070676,0.09793688523014135,0.24484221307535337,0.48968442615070673,0.7345266392260601,0.8814319670712721,0.9304004096863427,0.46164674632325564,0.48871639827576435,0.5699253541332905,0.705273613895834,0.8406218736583775,0.9218308295159037,0.9489004814684123,0.0,0.0,0.0,0.21728854718537347,0.571036786017143,0.8166642309806559,0.8985400459684932,0.0,0.0,0.0,0.0,0.24001921285246997,0.6720537959869161,0.8160653236983976,-0.2912882489562801,-0.2912882489562801,-0.2912882489562801,-0.2912882489562801,-0.2912882489562801,-0.2912882489562801,-0.2912882489562801,-0.4483209813067559,-0.4483209813067559,-0.4483209813067559,-0.4483209813067559,-0.4483209813067559,-0.4483209813067559,-0.4483209813067559,0.0,0.0,0.4361633570339334,0.5221654224930039,1
2,-2.8007252584549754e-16,7.016910792626859e-17,0.05399137129352378,0.0,0.0,0.0,0.0,0.0,0.0,0.0,0.0,0.0,0.0,0.0,0.0,0.0,0.0,0.0,0.0,0.5522363264564722,0.476825590088058,0.4897078420579209,0.5025900940277838,0.5412368499373725,0.6056481097866869,0.6700593696360013,0.7087061255455901,0.7215883775154529,0.45351674856424173,0.45871251582172756,0.474299817594185,0.5002786538816141,0.5262574901690431,0.5418447919415006,0.5470405591989864,0.021728854718537347,0.04345770943707469,0.10864427359268673,0.21728854718537347,0.3259328207780602,0.39111938493367226,0.41284823965220957,0.0,0.0,0.0,0.0,0.0,0.0,0.0,0.0,0.0,0.0,0.0,0.24001921285246997,0.6720537959869161,0.8160653236983976,0.0,0.0,0.0,0.21728854718537347,0.571036786017143,0.8166642309806559,0.8985400459684932,-0.725865343327027,-0.725865343327027,-0.725865343327027,-0.725865343327027,-0.725865343327027,-0.725865343327027,-0.725865343327027,-0.341682953208316,-0.341682953208316,-0.341682953208316,-0.341682953208316,-0.341682953208316,-0.341682953208316,-0.341682953208316,0.0,0.0,0.5221654224930039,0.4361633570339334,0
2,-2.812452766131237e-16,0.07601629233584285,0.0,0.0,0.0,0.0,0.0,0.0,0.0,0.0,0.0,0.0,0.0,0.0,0.0,0.0,0.0,0.0,0.0,0.341682953208316,0.4483209813067559,0.21195294332483455,0.2243933663765146,0.26171463553155483,0.3239167507899552,0.38611886604835555,0.42344013520339574,0.4358805582550758,0.7395220761606757,0.7531788089943243,0.7941490074952703,0.8624326716635136,0.9307163358317567,0.9716865343327027,0.9853432671663513,0.0,0.0,0.0,0.0,0.0,0.0,0.0,0.48114467637127506,0.5074221071389096,0.5862543994418132,0.7176415532799858,0.8490287071181584,0.927860999421062,0.9541384301886965,0.011492606549681188,0.022985213099362377,0.05746303274840593,0.25559723568431075,0.571036786017143,0.8166642309806559,0.8985400459684932,0.0,0.0,0.0,0.0,0.0,0.0,0.0,-0.2912882489562801,-0.2912882489562801,-0.2912882489562801,-0.2912882489562801,-0.2912882489562801,-0.2912882489562801,-0.2912882489562801,-0.3569772303696014,-0.3569772303696014,-0.3569772303696014,-0.3569772303696014,-0.3569772303696014,-0.3569772303696014,-0.3569772303696014,0.0,0.01975150732819042,0.3169524767968327,0.3486430535553474,1
2,-5.31087891336583e-17,-5.897062565606121e-16,0.0,0.0,0.0,0.0,0.0,0.0,0.0,0.0,0.0,0.0,0.0,0.0,0.0,0.0,0.0,0.0,0.0,0.4483209813067559,0.341682953208316,0.3745488055479002,0.4074146578874844,0.5060122149062369,0.670341476604158,0.834670738302079,0.9332682953208316,0.9661341476604157,0.45351674856424173,0.45871251582172756,0.474299817594185,0.5002786538816141,0.5262574901690431,0.5418447919415006,0.5470405591989864,0.049020793047816556,0.09804158609563311,0.24510396523908276,0.4902079304781655,0.7353118957172483,0.882374274860698,0.9313950679085145,0.0027285613078372834,0.005457122615674567,0.013642806539186416,0.027285613078372833,0.04092841961755925,0.0491141035410711,0.05184266484890838,0.0,0.0,0.0,0.0,0.022264610891514075,0.062340910496239424,0.07569967703114783,0.0,0.0,0.0,0.21728854718537347,0.571036786017143,0.8166642309806559,0.8985400459684932,-0.7344706294853158,-0.7344706294853158,-0.7344706294853158,-0.7344706294853158,-0.7344706294853158,-0.7344706294853158,-0.7344706294853158,-0.341682953208316,-0.341682953208316,-0.341682953208316,-0.341682953208316,-0.341682953208316,-0.341682953208316,-0.341682953208316,0.0,0.0,0.3486430535553474,0.3169524767968327,0
2,3.8524923868277706e-16,-0.16038699635534565,0.0,0.0,0.0,0.0,0.0,0.0,0.0,0.0,0.0,0.0,0.0,0.0,0.0,0.0,0.0,0.0,0.0,0.07992553324548801,0.19951252027315447,0.21195294332483455,0.2243933663765146,0.26171463553155483,0.3239167507899552,0.38611886604835555,0.42344013520339574,0.4358805582550758,0.15497301146435707,0.16560481245936995,0.19750021544440852,0.2506592204194728,0.30381822539453707,0.3357136283795757,0.3463454293745885,0.013343758024059828,0.026687516048119655,0.06671879012029913,0.13343758024059826,0.2001563703608974,0.24018764443307689,0.2535314024571367,0.014013041178854744,0.028026082357709488,0.07006520589427372,0.14013041178854743,0.21019561768282113,0.2522347412193854,0.2662477823982401,0.011492606549681188,0.022985213099362377,0.05746303274840593,0.25559723568431075,0.571036786017143,0.8166642309806559,0.8985400459684932,0.0,0.0,0.0,0.33074858185686673,0.7419116873138403,0.8866578297940325,0.9349065439540964,-0.2912882489562801,-0.2912882489562801,-0.2912882489562801,-0.2912882489562801,-0.2912882489562801,-0.2912882489562801,-0.2912882489562801,-0.44648733221284853,-0.44648733221284853,-0.44648733221284853,-0.44648733221284853,-0.44648733221284853,-0.44648733221284853,-0.44648733221284853,0.0,0.0,0.13858888668744385,0.0889239945781869,1
2,6.568629500963299e-16,3.8524923868277706e-16,0.0,0.0,0.0,0.0,0.0,0.0,0.0,0.0,0.0,0.0,0.0,0.0,0.0,0.0,0.0,0.0,0.0,0.19951252027315447,0.07992553324548801,0.09377811810169367,0.10763070295789935,0.14918845752651635,0.2184513818075447,0.28771430608857307,0.32927206065719006,0.3431246455133957,0.21195294332483455,0.2243933663765146,0.26171463553155483,0.3239167507899552,0.38611886604835555,0.42344013520339574,0.4358805582550758,0.014013041178854744,0.028026082357709488,0.07006520589427372,0.14013041178854743,0.21019561768282113,0.2522347412193854,0.2662477823982401,0.013343758024059828,0.026687516048119655,0.06671879012029913,0.13343758024059826,0.2001563703608974,0.24018764443307689,0.2535314024571367,0.0,0.0,0.0,0.10288930977110279,0.40012277918519434,0.7499422665425742,0.8665487623283671,0.0,0.0,0.0,0.14013041178854743,0.4552995829219039,0.7703693497425603,0.8753926053494454,-0.44648733221284853,-0.44648733221284853,-0.44648733221284853,-0.44648733221284853,-0.44648733221284853,-0.44648733221284853,-0.44648733221284853,-0.341682953208316,-0.341682953208316,-0.341682953208316,-0.341682953208316,-0.341682953208316,-0.341682953208316,-0.341682953208316,0.0,0.0,0.0889239945781869,0.13858888668744385,0
