graph_id,edge_source,edge_dest,effca,effef,comcau,delta,delta2,delta.i1,delta.i2,delta.i3,delta.i4,delta.i5,delta.i6,delta.i7,delta2.i1,delta2.i2,delta2.i3,delta2.i4,delta2.i5,delta2.i6,delta2.i7,ca.ef,ef.ca,I1.i1,I1.i2,I1.i3,I1.i4,I1.i5,I1.i6,I1.i7,I1.j1,I1.j2,I1.j3,I1.j4,I1.j5,I1.j6,I1.j7,I2.i1,I2.i2,I2.i3,I2.i4,I2.i5,I2.i6,I2.i7,I2.j1,I2.j2,I2.j3,I2.j4,I2.j5,I2.j6,I2.j7,I3.i1,I3.i2,I3.i3,I3.i4,I3.i5,I3.i6,I3.i7,I3.j1,I3.j2,I3.j3,I3.j4,I3.j5,I3.j6,I3.j7,Int3.i1,Int3.i2,Int3.i3,Int3.i4,Int3.i5,Int3.i6,Int3.i7,Int3.j1,Int3.j2,Int3.j3,Int3.j4,Int3.j5,Int3.j6,Int3.j7,gini.delta,gini.delta2,gini.ca.ef,gini.ef.ca,is_causal
0,1,0,0.3712120257089311,1.31001720062839e-16,0.4246177755888087,0.0,0.0,0.0,0.0,0.0,0.0,0.0,0.0,0.0,0.0,0.0,0.0,0.0,0.0,0.0,0.0,0.32115799396555555,0.32014136496250656,0.37321982521695296,0.4061556238897449,0.5049630199081208,0.6696420132720805,0.8343210066360403,0.9331284026544161,0.966064201327208,0.3550500942672778,0.38894219456900003,0.4906184954741667,0.6600789969827778,0.8295394984913889,0.9312157993965555,0.9651078996982777,0.3910333060523229,0.4222437200124006,0.5158749618926337,0.671927031693022,0.8279791014934105,0.9216103433736436,0.9528207573337212,0.04920273520969973,0.09840547041939945,0.24601367604849864,0.4920273520969973,0.7380410281454959,0.8856492337745951,0.9348519689842948,0.0,0.0,0.0,0.0,0.011199101434499458,0.03135748401659849,0.038076944877298145,0.0,0.0,0.0,0.1799114460461226,0.5158749618926337,0.7967686875333329,0.8903999294135656,-0.32115799396555555,-0.32115799396555555,-0.32115799396555555,-0.32115799396555555,-0.32115799396555555,-0.32115799396555555,-0.32115799396555555,0.021197696893304474,0.021197696893304474,0.021197696893304474,0.021197696893304474,0.021197696893304474,0.021197696893304474,0.021197696893304474,0.0,0.0,0.2955531525474704,0.30594529729262643,1
0,0,1,-2.1084271983264628e-16,-1.2429431924454433e-17,0.42321922259108136,0.0,0.0,0.0,0.0,0.0,0.0,0.0,0.0,0.0,0.0,0.0,0.0,0.0,0.0,0.0,0.0,0.32014136496250656,0.32115799396555555,0.0199233623289597,0.03577781662562264,0.08334117951561146,0.16261345099892616,0.24188572248224086,0.2894490853722297,0.3053035396688926,0.35408429671438124,0.3880272284662559,0.4898560237218799,0.6595706824812533,0.8292853412406267,0.9311141364962506,0.9650570682481253,0.002239820286899892,0.004479640573799784,0.011199101434499458,0.022398202868998917,0.033597304303498374,0.04031676516419805,0.04255658545109794,0.04920155856468995,0.0984031171293799,0.24600779282344973,0.49201558564689946,0.7380233784703492,0.885628054164419,0.9348296127291089,0.0,0.0,0.0,0.1799114460461226,0.5158749618926337,0.7967686875333329,0.8903999294135656,0.0,0.0,0.0,0.0,0.011199101434499458,0.03135748401659849,0.038076944877298145,-0.32014136496250656,-0.32014136496250656,-0.32014136496250656,-0.32014136496250656,-0.32014136496250656,-0.32014136496250656,-0.32014136496250656,-0.33862519519894074,-0.33862519519894074,-0.33862519519894074,-0.33862519519894074,-0.33862519519894074,-0.33862519519894074,-0.33862519519894074,0.0,0.0,0.30594529729262643,0.2955531525474704,0
0,2,0,-0.514965764158011,-8.21224578684665e-17,0.3429680539677441,0.3429680539677441,0.0,0.0,0.0,0.0,0.0,0.0,0.0,0.0,0.0,0.0,0.0,0.0,0.0,0.0,0.0,0.12537644060623443,0.1268356408524225,0.00527509934964075,0.0105501986992815,0.026375496748203747,0.052750993496407494,0.07912649024461124,0.0949517882935335,0.10022688764317424,0.16905761857592272,0.212738796545611,0.3437823304546758,0.5621882203031172,0.7805941101515586,0.9116376440606234,0.9553188220303117,0.23943570234050535,0.2424342470707826,0.25142988126161425,0.2664226049130004,0.28141532856438656,0.29041096275521827,0.2934095074854955,0.04937723936173007,0.09875447872346015,0.24688619680865034,0.4937723936173007,0.7406585904259511,0.8887903085111413,0.9381675478728713,0.0,0.0,0.0,0.07399512596235366,0.24196939497011355,0.41113185245184486,0.4675193382790884,0.0,0.0,0.0,0.11821857880511406,0.25142988126161425,0.27841678383410934,0.287412418024941,-0.12537644060623443,-0.12537644060623443,-0.12537644060623443,-0.12537644060623443,-0.12537644060623443,-0.12537644060623443,-0.12537644060623443,0.021197696893304474,0.021197696893304474,0.021197696893304474,0.021197696893304474,0.021197696893304474,0.021197696893304474,0.021197696893304474,0.3108390039526394,0.0,0.10462873275409423,0.10581769811022268,1
0,0,2,6.806310704512398e-17,3.7801267790653766e-16,0.3414979726677704,0.0,0.0,0.0,0.0,0.0,0.0,0.0,0.0,0.0,0.0,0.0,0.0,0.0,0.0,0.0,0.0,0.1268356408524225,0.12537644060623443,0.010134284660993642,0.016199661289690526,0.034395791175781176,0.0647226743192656,0.09504955746275001,0.11324568734884066,0.11931106397753755,0.006341782042621125,0.01268356408524225,0.03170891021310562,0.06341782042621125,0.09512673063931687,0.11415207676718024,0.12049385880980136,0.007399512596235367,0.014799025192470734,0.03699756298117683,0.07399512596235366,0.1109926889435305,0.1331912267322366,0.14059073932847196,0.014820402610788637,0.029640805221577273,0.07410201305394318,0.14820402610788636,0.22230603916182953,0.26676724699419546,0.28158764960498406,0.0,0.0,0.0,0.14816522982885794,0.3122035677663482,0.34077516236188643,0.3502990272270658,0.0,0.0,0.0,0.07399512596235366,0.19395761563447877,0.27669887031206736,0.3042792885379301,-0.32014136496250656,-0.32014136496250656,-0.32014136496250656,-0.32014136496250656,-0.32014136496250656,-0.32014136496250656,-0.32014136496250656,-0.11377445307734801,-0.11377445307734801,-0.11377445307734801,-0.11377445307734801,-0.11377445307734801,-0.11377445307734801,-0.11377445307734801,0.0,0.0,0.10581769811022268,0.10462873275409423,0
0,2,1,9.680998624039128e-17,-1.5389600751814128e-15,0.11117722140437068,0.0,0.0,0.0,0.0,0.0,0.0,0.0,0.0,0.0,0.0,0.0,0.0,0.0,0.0,0.0,0.0,0.0,0.0,0.00527509934964075,0.0105501986992815,0.026375496748203747,0.052750993496407494,0.07912649024461124,0.0949517882935335,0.10022688764317424,0.01600706824812533,0.03201413649625066,0.08003534124062664,0.16007068248125328,0.24010602372187992,0.28812722846625594,0.3041342967143812,0.005298489283758687,0.010596978567517373,0.026492446418793433,0.05298489283758687,0.0794773392563803,0.09537280710765636,0.10067129639141505,0.026171215938619263,0.05234243187723853,0.13085607969309632,0.26171215938619263,0.39256823907928895,0.47108188689514674,0.497253102833766,0.0,0.0,0.0,0.07399512596235366,0.24196939497011355,0.41113185245184486,0.4675193382790884,0.0,0.0,0.0,0.022398202868998917,0.06008975072229181,0.08761777169402098,0.09679377868459732,-0.12537644060623443,-0.12537644060623443,-0.12537644060623443,-0.12537644060623443,-0.12537644060623443,-0.12537644060623443,-0.12537644060623443,-0.33862519519894074,-0.33862519519894074,-0.33862519519894074,-0.33862519519894074,-0.33862519519894074,-0.33862519519894074,-0.33862519519894074,0.0,0.0,0.0,0.0,1
0,1,2,-3.9189685087263413e-16,-5.412264956994277e-17,0.115085078793494,0.0,0.0,0.0,0.0,0.0,0.0,0.0,0.0,0.0,0.0,0.0,0.0,0.0,0.0,0.0,0.0,0.0,0.0,0.017014201327208052,0.034028402654416104,0.08507100663604025,0.1701420132720805,0.25521301990812073,0.3062556238897449,0.32326982521695297,0.006341782042621125,0.01268356408524225,0.03170891021310562,0.06341782042621125,0.09512673063931687,0.11415207676718024,0.12049385880980136,0.016592985338189654,0.03318597067637931,0.08296492669094827,0.16592985338189653,0.2488947800728448,0.29867373608741377,0.3152667214256034,0.019348348898314868,0.038696697796629737,0.09674174449157434,0.19348348898314868,0.290225233474723,0.34827028016966766,0.3676186290679825,0.0,0.0,0.0,0.022398202868998917,0.1312224179038327,0.28678923980233556,0.3386448471018363,0.0,0.0,0.0,0.07399512596235366,0.19395761563447877,0.27669887031206736,0.3042792885379301,-0.32115799396555555,-0.32115799396555555,-0.32115799396555555,-0.32115799396555555,-0.32115799396555555,-0.32115799396555555,-0.32115799396555555,-0.11377445307734801,-0.11377445307734801,-0.11377445307734801,-0.11377445307734801,-0.11377445307734801,-0.11377445307734801,-0.11377445307734801,0.0,0.0,0.0,0.0,0
0,3,0,0.12758507496591684,0.12412754312294166,0.0,0.0,0.0,0.0,0.0,0.0,0.0,0.0,0.0,0.0,0.0,0.0,0.0,0.0,0.0,0.0,0.0,0.004068908032296759,0.0025140618820966854,0.3716439354389937,0.4046626756790467,0.5037188963992055,0.6688125975994703,0.8339062987997352,0.9329625195198941,0.965981259759947,0.3550500942672778,0.38894219456900003,0.4906184954741667,0.6600789969827778,0.8295394984913889,0.9312157993965555,0.9651078996982777,0.3972824808335232,0.42842892170211755,0.5218682443079006,0.6776004486508721,0.8333326529938437,0.9267719755996268,0.9579184164682211,0.37809784570795313,0.41025489243214597,0.5067260326047243,0.6675112662256882,0.8282964998466522,0.9247676400192306,0.9569246867434233,0.0,0.0,0.0,0.17297039949188017,0.5053595265518414,0.7923132361743874,0.8879644727152357,0.0,0.0,0.0,0.1799114460461226,0.5158749618926337,0.7967686875333329,0.8903999294135656,0.022009369368584497,0.022009369368584497,0.022009369368584497,0.022009369368584497,0.022009369368584497,0.022009369368584497,0.022009369368584497,0.021197696893304474,0.021197696893304474,0.021197696893304474,0.021197696893304474,0.021197696893304474,0.021197696893304474,0.021197696893304474,0.0,0.00139045465651593,0.0,0.0,1
0,0,3,5.037425859519319e-17,-4.569981636024605e-16,0.0,0.0,0.0,0.0,0.0,0.0,0.0,0.0,0.0,0.0,0.0,0.0,0.0,0.0,0.0,0.0,0.0,0.0025140618820966854,0.004068908032296759,0.0199233623289597,0.03577781662562264,0.08334117951561146,0.16261345099892616,0.24188572248224086,0.2894490853722297,0.3053035396688926,0.01931961854793889,0.03612517521378109,0.0865418452113077,0.17056962854051871,0.25459741186972973,0.3050140818672563,0.32181963853309853,0.017297039949188017,0.03459407989837603,0.08648519974594009,0.17297039949188017,0.25945559923782024,0.3113467190853843,0.3286437590345723,0.018306801998246445,0.03661360399649289,0.09153400999123222,0.18306801998246444,0.27460202997369665,0.329522435968436,0.3478292379666824,0.0,0.0,0.0,0.1799114460461226,0.5158749618926337,0.7967686875333329,0.8903999294135656,0.0,0.0,0.0,0.17297039949188017,0.5053595265518414,0.7923132361743874,0.8879644727152357,-0.32014136496250656,-0.32014136496250656,-0.32014136496250656,-0.32014136496250656,-0.32014136496250656,-0.32014136496250656,-0.32014136496250656,-0.340284026544161,-0.340284026544161,-0.340284026544161,-0.340284026544161,-0.340284026544161,-0.340284026544161,-0.340284026544161,0.0,0.0,0.0,0.0,0
0,3,1,1.7327824054921315e-16,-0.3747130055015175,0.19137611730769882,0.0,0.0,0.0,0.0,0.0,0.0,0.0,0.0,0.0,0.0,0.0,0.0,0.0,0.0,0.0,0.0,0.340284026544161,0.33862519519894074,0.3716439354389937,0.4046626756790467,0.5037188963992055,0.6688125975994703,0.8339062987997352,0.9329625195198941,0.965981259759947,0.35408429671438124,0.3880272284662559,0.4898560237218799,0.6595706824812533,0.8292853412406267,0.9311141364962506,0.9650570682481253,0.04917875633582112,0.09835751267164224,0.24589378167910558,0.49178756335821117,0.7376813450373167,0.8852176140447802,0.9343963703806012,0.3751897806302373,0.4072121979263345,0.5032794498146262,0.6633915362951123,0.8235036227755984,0.9195708746638901,0.9515932919599873,0.0,0.0,0.0,0.17297039949188017,0.5053595265518414,0.7923132361743874,0.8879644727152357,0.0,0.0,0.0,0.0,0.011199101434499458,0.03135748401659849,0.038076944877298145,0.022009369368584497,0.022009369368584497,0.022009369368584497,0.022009369368584497,0.022009369368584497,0.022009369368584497,0.022009369368584497,-0.33862519519894074,-0.33862519519894074,-0.33862519519894074,-0.33862519519894074,-0.33862519519894074,-0.33862519519894074,-0.33862519519894074,0.0,0.0,0.3161850590338998,0.3048247378228932,1
0,1,3,2.28478458083908e-16,-1.7401502954171365e-18,0.1985904673979485,0.0,0.0,0.0,0.0,0.0,0.0,0.0,0.0,0.0,0.0,0.0,0.0,0.0,0.0,0.0,0.0,0.33862519519894074,0.340284026544161,0.37321982521695296,0.4061556238897449,0.5049630199081208,0.6696420132720805,0.8343210066360403,0.9331284026544161,0.966064201327208,0.01931961854793889,0.03612517521378109,0.0865418452113077,0.17056962854051871,0.25459741186972973,0.3050140818672563,0.32181963853309853,0.04918078546280423,0.09836157092560846,0.24590392731402114,0.4918078546280423,0.7377117819420634,0.8852541383304762,0.9344349237932803,0.002395978985926304,0.004791957971852608,0.01197989492963152,0.02395978985926304,0.03593968478889456,0.04312762174667348,0.04552360073259978,0.0,0.0,0.0,0.0,0.011199101434499458,0.03135748401659849,0.038076944877298145,0.0,0.0,0.0,0.17297039949188017,0.5053595265518414,0.7923132361743874,0.8879644727152357,-0.32115799396555555,-0.32115799396555555,-0.32115799396555555,-0.32115799396555555,-0.32115799396555555,-0.32115799396555555,-0.32115799396555555,-0.340284026544161,-0.340284026544161,-0.340284026544161,-0.340284026544161,-0.340284026544161,-0.340284026544161,-0.340284026544161,0.0,0.0,0.3048247378228932,0.3161850590338998,0
0,3,2,2.723612735315716e-17,-0.25629917830994015,0.039659060002807035,0.0,0.02942804681248653,0.0,0.0,0.0,0.0,0.0,0.0,0.0,0.0,0.0,0.0,0.0,0.0,0.0,0.0,0.10550198699281499,0.11377445307734801,0.15803573042348062,0.20229700776961324,0.335080839808011,0.556387226538674,0.7776936132693371,0.9104774453077348,0.9547387226538674,0.006341782042621125,0.01268356408524225,0.03170891021310562,0.06341782042621125,0.09512673063931687,0.11415207676718024,0.12049385880980136,0.04939192790687133,0.09878385581374266,0.24695963953435665,0.4939192790687133,0.74087891860307,0.889054702323684,0.9384466302305552,0.012316088747135641,0.024632177494271282,0.0615804437356782,0.1231608874713564,0.1847413312070346,0.22168959744844152,0.23400568619557713,0.0,0.0,0.0,0.0,0.06328160158937475,0.17718848445024935,0.21515744540387405,0.0,0.0,0.0,0.07399512596235366,0.19395761563447877,0.27669887031206736,0.3042792885379301,0.022009369368584497,0.022009369368584497,0.022009369368584497,0.022009369368584497,0.022009369368584497,0.022009369368584497,0.022009369368584497,-0.11377445307734801,-0.11377445307734801,-0.11377445307734801,-0.11377445307734801,-0.11377445307734801,-0.11377445307734801,-0.11377445307734801,0.0,0.03928395900117442,0.12480815070347251,0.09454686191598383,1
0,2,3,-2.5079764741812046e-16,2.9361458502313366e-16,0.029428046812486362,0.0,0.0,0.0,0.0,0.0,0.0,0.0,0.0,0.0,0.0,0.0,0.0,0.0,0.0,0.0,0.0,0.11377445307734801,0.10550198699281499,0.00527509934964075,0.0105501986992815,0.026375496748203747,0.052750993496407494,0.07912649024461124,0.0949517882935335,0.10022688764317424,0.008077081441859252,0.013640101001621819,0.030329159680909518,0.05814425747972235,0.08595935527853518,0.10264841395782288,0.10821143351758544,0.0,0.0,0.0,0.0,0.0,0.0,0.0,0.00731257953580642,0.01462515907161284,0.0365628976790321,0.0731257953580642,0.1096886930370963,0.13162643164451557,0.13893901118032198,0.0,0.0,0.0,0.07399512596235366,0.24196939497011355,0.41113185245184486,0.4675193382790884,0.0,0.0,0.0,0.0,0.08648519974594009,0.2421585592886323,0.2940496791361962,-0.12537644060623443,-0.12537644060623443,-0.12537644060623443,-0.12537644060623443,-0.12537644060623443,-0.12537644060623443,-0.12537644060623443,-0.340284026544161,-0.340284026544161,-0.340284026544161,-0.340284026544161,-0.340284026544161,-0.340284026544161,-0.340284026544161,0.0,0.0,0.09454686191598383,0.12480815070347251,0
1,1,0,-0.3003930724470675,2.629319054647746e-16,0.17888606668115473,0.0,0.0,0.0,0.0,0.0,0.0,0.0,0.0,0.0,0.0,0.0,0.0,0.0,0.0,0.0,0.0,0.04977453118697017,0.04383033439439232,0.42752152267748234,0.45759933727340435,0.5478327810611703,0.6982218540407802,0.8486109270203901,0.9388443708081561,0.968922185404078,0.0024887265593485086,0.004977453118697017,0.012443632796742543,0.024887265593485086,0.03733089839022763,0.044797078068273155,0.047285804627621664,0.5153802054550927,0.5402835818615237,0.6149937110808166,0.7395105931129713,0.8640274751451261,0.938737604364419,0.9636409807708499,0.0,0.0,0.0,0.0,0.0,0.0,0.0,0.0,0.0,0.0,0.0,0.04736791743999033,0.13263016883197296,0.16105091929596707,0.22056966132205905,0.251111634265102,0.3427375530942309,0.44205883519064876,0.6149937110808166,0.8391240987386953,0.9138342279579879,-0.19692341511520806,-0.19692341511520806,-0.19692341511520806,-0.19692341511520806,-0.19692341511520806,-0.19692341511520806,-0.19692341511520806,0.08967365020829454,0.08967365020829454,0.08967365020829454,0.08967365020829454,0.08967365020829454,0.08967365020829454,0.08967365020829454,0.0,0.0,0.019536344163802455,0.032056139199361455,1
1,0,1,1.3700874501277302e-16,-4.110090615164025e-17,0.18011756633392537,0.0,0.0,0.0,0.0,0.0,0.0,0.0,0.0,0.0,0.0,0.0,0.0,0.0,0.0,0.0,0.0,0.04383033439439232,0.04977453118697017,0.0024887265593485086,0.004977453118697017,0.012443632796742543,0.024887265593485086,0.03733089839022763,0.044797078068273155,0.047285804627621664,0.09158881767467271,0.1393473009549531,0.28262275079579424,0.5214151671971962,0.7602075835985981,0.9034830334394393,0.9512415167197196,0.006320801578802333,0.012641603157604667,0.03160400789401167,0.06320801578802333,0.09481202368203501,0.113774428418442,0.12009522999724433,0.04942721785886405,0.0988544357177281,0.24713608929432024,0.4942721785886405,0.7414082678829608,0.8896899214595528,0.9391171393184169,0.0,0.0,0.0,0.24523841452433087,0.6149937110808166,0.8391240987386953,0.9138342279579879,0.0,0.0,0.0,0.0,0.03160400789401167,0.08849122210323268,0.10745362683963962,-0.04383033439439232,-0.04383033439439232,-0.04383033439439232,-0.04383033439439232,-0.04383033439439232,-0.04383033439439232,-0.04383033439439232,-0.4047913446327215,-0.4047913446327215,-0.4047913446327215,-0.4047913446327215,-0.4047913446327215,-0.4047913446327215,-0.4047913446327215,0.0,0.0,0.032056139199361455,0.019536344163802455,0
1,2,0,0.2557313712049973,-7.872568403735696e-17,0.028967245642168803,0.028967245642168803,0.0,0.0,0.0,0.0,0.0,0.0,0.0,0.0,0.0015797914438289364,0.0031595828876578727,0.007898957219144681,0.015797914438289363,0.023696871657434046,0.028436245988920854,0.03001603743274979,0.0,0.0,0.20468650475899905,0.21244959440279004,0.23573886333416302,0.274554311553118,0.31336975977207293,0.33665902870344594,0.3444221183472369,0.0024887265593485086,0.004977453118697017,0.012443632796742543,0.024887265593485086,0.03733089839022763,0.044797078068273155,0.047285804627621664,0.20020834602669707,0.21038900367437807,0.24093097661742102,0.2918342648558259,0.3427375530942309,0.3732795260372738,0.38346018368495477,0.0023131688381396553,0.004626337676279311,0.011565844190698275,0.02313168838139655,0.034697532572094826,0.04163703908651379,0.04395020792465344,0.0,0.0,0.0,0.12325220766551019,0.4314960962787855,0.7644811219847628,0.8754761305534215,0.22056966132205905,0.251111634265102,0.3427375530942309,0.44205883519064876,0.6149937110808166,0.8391240987386953,0.9138342279579879,-0.1927381621357278,-0.1927381621357278,-0.1927381621357278,-0.1927381621357278,-0.1927381621357278,-0.1927381621357278,-0.1927381621357278,0.08967365020829454,0.08967365020829454,0.08967365020829454,0.08967365020829454,0.08967365020829454,0.08967365020829454,0.08967365020829454,0.03316636144663658,0.0,0.0,0.0,1
1,0,2,-7.872568403735696e-17,2.131683472663411e-17,0.031595828876578726,0.0,0.0,0.0,0.0,0.0,0.0,0.0,0.0,0.0,0.0,0.0,0.0,0.0,0.0,0.0,0.0,0.0,0.0,0.0024887265593485086,0.004977453118697017,0.012443632796742543,0.024887265593485086,0.03733089839022763,0.044797078068273155,0.047285804627621664,0.009846170755760403,0.019692341511520807,0.049230853778802014,0.09846170755760403,0.14769256133640604,0.17723107360368726,0.18707724435944764,0.0023131688381396553,0.004626337676279311,0.011565844190698275,0.02313168838139655,0.034697532572094826,0.04163703908651379,0.04395020792465344,0.009501384418950806,0.019002768837901612,0.047506922094754024,0.09501384418950805,0.14252076628426208,0.17102491954111448,0.18052630396006528,0.0,0.0,0.0,0.09682591871516567,0.3923749673670688,0.7500766012531962,0.8693104792152382,0.0,0.0,0.0,0.02313168838139655,0.28131531735261506,0.7044088104142947,0.8454399747681873,-0.04383033439439232,-0.04383033439439232,-0.04383033439439232,-0.04383033439439232,-0.04383033439439232,-0.04383033439439232,-0.04383033439439232,-0.1927381621357278,-0.1927381621357278,-0.1927381621357278,-0.1927381621357278,-0.1927381621357278,-0.1927381621357278,-0.1927381621357278,0.0,0.0,0.0,0.0,0
1,2,1,4.464064538812965e-16,-1.6326565704442226e-17,0.0,0.0,0.0,0.0,0.0,0.0,0.0,0.0,0.0,0.0,0.0,0.0,0.0,0.0,0.0,0.0,0.0,0.1927381621357278,0.19692341511520806,0.20468650475899905,0.21244959440279004,0.23573886333416302,0.274554311553118,0.31336975977207293,0.33665902870344594,0.3444221183472369,0.23305125402894142,0.273364345922155,0.3943036216017959,0.595869081067864,0.7974345405339319,0.9183738162135728,0.9586869081067864,0.009473583487998066,0.018947166975996133,0.04736791743999033,0.09473583487998066,0.142103752319971,0.1705245027839652,0.17999808627196326,0.04932355695610405,0.0986471139122081,0.2466177847805202,0.4932355695610404,0.7398533543415606,0.8878240252098728,0.9371475821659767,0.0,0.0,0.0,0.12325220766551019,0.4314960962787855,0.7644811219847628,0.8754761305534215,0.0,0.0,0.0,0.0,0.04736791743999033,0.13263016883197296,0.16105091929596707,-0.1927381621357278,-0.1927381621357278,-0.1927381621357278,-0.1927381621357278,-0.1927381621357278,-0.1927381621357278,-0.1927381621357278,-0.4047913446327215,-0.4047913446327215,-0.4047913446327215,-0.4047913446327215,-0.4047913446327215,-0.4047913446327215,-0.4047913446327215,0.0,0.0,0.17700329130315362,0.1650050897059877,1
1,1,2,-1.6326565704442226e-17,-1.672171653386468e-16,0.0,0.0,0.0,0.0,0.0,0.0,0.0,0.0,0.0,0.0,0.0,0.0,0.0,0.0,0.0,0.0,0.0,0.19692341511520806,0.1927381621357278,0.23305125402894142,0.273364345922155,0.3943036216017959,0.595869081067864,0.7974345405339319,0.9183738162135728,0.9586869081067864,0.23702724435944766,0.2771310736036873,0.39744256133640604,0.597961707557604,0.798480853778802,0.9187923415115208,0.9588961707557604,0.04932355695610405,0.0986471139122081,0.2466177847805202,0.4932355695610404,0.7398533543415606,0.8878240252098728,0.9371475821659767,0.049327021066544234,0.09865404213308847,0.24663510533272115,0.4932702106654423,0.7399053159981634,0.8878863791977961,0.9372134002643403,0.0,0.0,0.0,0.0,0.24663510533272115,0.6905782949316194,0.8385593581312516,0.0,0.0,0.0,0.0,0.2466177847805202,0.6905297973854567,0.8385004682537683,-0.19692341511520806,-0.19692341511520806,-0.19692341511520806,-0.19692341511520806,-0.19692341511520806,-0.19692341511520806,-0.19692341511520806,-0.1927381621357278,-0.1927381621357278,-0.1927381621357278,-0.1927381621357278,-0.1927381621357278,-0.1927381621357278,-0.1927381621357278,0.0,0.0,0.1650050897059877,0.17700329130315362,0
1,3,0,89305358771868.77,0.30328201445203307,0.16974013830866727,0.0,0.17082925695154716,0.008487006915433365,0.01697401383086673,0.04243503457716682,0.08487006915433364,0.12730510373150045,0.15276612447780055,0.1612531313932339,0.0,0.0,0.0,0.0,0.0,0.0,0.0,0.0,0.0,0.4345017774010854,0.46421221016944936,0.5533435084745411,0.7018956723163607,0.8504478361581804,0.9395791344632721,0.9692895672316361,0.0024887265593485086,0.004977453118697017,0.012443632796742543,0.024887265593485086,0.03733089839022763,0.044797078068273155,0.047285804627621664,0.5122339021026923,0.5373504459155296,0.6127000773540416,0.7382827964182285,0.8638655154824153,0.9392151469209273,0.9643316907337647,0.047552942390033236,0.05496260946279549,0.07719161068108225,0.11423994604489354,0.15128828140870482,0.1735172826269916,0.18092694969975384,0.0,0.0,0.0,0.0,0.2454561125727273,0.6872771152036365,0.8345507827472725,0.22056966132205905,0.251111634265102,0.3427375530942309,0.44205883519064876,0.6149937110808166,0.8391240987386953,0.9138342279579879,-0.19692341511520806,-0.19692341511520806,-0.19692341511520806,-0.19692341511520806,-0.19692341511520806,-0.19692341511520806,-0.19692341511520806,0.08967365020829454,0.08967365020829454,0.08967365020829454,0.08967365020829454,0.08967365020829454,0.08967365020829454,0.08967365020829454,0.0,0.1477911189631461,0.0,0.0,1
1,0,3,1.3423511777487383e-16,-4.825031360938498e-16,0.17082925695154716,0.0,0.0,0.0,0.0,0.0,0.0,0.0,0.0,0.0,0.0,0.0,0.0,0.0,0.0,0.0,0.0,0.0,0.0,0.0024887265593485086,0.004977453118697017,0.012443632796742543,0.024887265593485086,0.03733089839022763,0.044797078068273155,0.047285804627621664,0.020239567231636075,0.04047913446327215,0.10119783615818037,0.20239567231636074,0.30359350847454114,0.36431221016944937,0.38455177740108537,0.009416830838625805,0.01883366167725161,0.04708415419312902,0.09416830838625805,0.14125246257938706,0.16950295509526447,0.17891978593389027,0.02435586791449275,0.0487117358289855,0.12177933957246373,0.24355867914492746,0.3653380187173912,0.43840562246086945,0.46276149037536213,0.0,0.0,0.0,0.24523841452433087,0.6149937110808166,0.8391240987386953,0.9138342279579879,0.0,0.0,0.0,0.09416830838625805,0.3867085751521143,0.7437781002353914,0.8628012752631499,-0.04383033439439232,-0.04383033439439232,-0.04383033439439232,-0.04383033439439232,-0.04383033439439232,-0.04383033439439232,-0.04383033439439232,-0.3974437080815604,-0.3974437080815604,-0.3974437080815604,-0.3974437080815604,-0.3974437080815604,-0.3974437080815604,-0.3974437080815604,0.0,0.0,0.0,0.0,0
1,3,1,-0.2231365899927242,0.23114292809247805,0.35126410839850924,0.0,0.0,0.0,0.0,0.0,0.0,0.0,0.0,0.0,0.0,0.0,0.0,0.0,0.0,0.0,0.0,0.3974437080815604,0.4047913446327215,0.4345017774010854,0.46421221016944936,0.5533435084745411,0.7018956723163607,0.8504478361581804,0.9395791344632721,0.9692895672316361,0.23305125402894142,0.273364345922155,0.3943036216017959,0.595869081067864,0.7974345405339319,0.9183738162135728,0.9586869081067864,0.049102123335836655,0.09820424667167331,0.24551061667918325,0.4910212333583665,0.7365318500375497,0.8838382200450597,0.9329403433808963,0.04909122251454546,0.09818244502909092,0.2454561125727273,0.4909122251454546,0.7363683377181819,0.8836420052618182,0.9327332277763637,0.0,0.0,0.0,0.0,0.2454561125727273,0.6872771152036365,0.8345507827472725,0.0,0.0,0.0,0.0,0.04736791743999033,0.13263016883197296,0.16105091929596707,-0.19692341511520806,-0.19692341511520806,-0.19692341511520806,-0.19692341511520806,-0.19692341511520806,-0.19692341511520806,-0.19692341511520806,-0.4047913446327215,-0.4047913446327215,-0.4047913446327215,-0.4047913446327215,-0.4047913446327215,-0.4047913446327215,-0.4047913446327215,0.0,0.0,0.3878323346877627,0.4000335987629804,1
1,1,3,6.131316778360369e-17,-2.501027833903727e-16,0.35078015719306493,0.0,0.0,0.0,0.0,0.0,0.0,0.0,0.0,0.0,0.0,0.0,0.0,0.0,0.0,0.0,0.0,0.4047913446327215,0.3974437080815604,0.42752152267748234,0.45759933727340435,0.5478327810611703,0.6982218540407802,0.8486109270203901,0.9388443708081561,0.968922185404078,0.35785896266139094,0.36032908802830305,0.36773946412903946,0.38009009096360014,0.3924407177981608,0.3998510938988972,0.4023212192658093,0.04909122251454546,0.09818244502909092,0.2454561125727273,0.4909122251454546,0.7363683377181819,0.8836420052618182,0.9327332277763637,0.009475267935839235,0.01895053587167847,0.04737633967919617,0.09475267935839234,0.1421290190375885,0.1705548228451062,0.18003009078094542,0.0,0.0,0.0,0.0,0.04736791743999033,0.13263016883197296,0.16105091929596707,0.0,0.0,0.0,0.0,0.2454561125727273,0.6872771152036365,0.8345507827472725,-0.19692341511520806,-0.19692341511520806,-0.19692341511520806,-0.19692341511520806,-0.19692341511520806,-0.19692341511520806,-0.19692341511520806,-0.3974437080815604,-0.3974437080815604,-0.3974437080815604,-0.3974437080815604,-0.3974437080815604,-0.3974437080815604,-0.3974437080815604,0.0,0.0,0.4000335987629804,0.3878323346877627,0
1,3,2,3.996797651061684e-16,-0.19707941912737226,0.23150658563443183,0.0,0.0,0.0,0.0,0.0,0.0,0.0,0.0,0.0,0.0,0.0,0.0,0.0,0.0,0.0,0.0,0.3521852079910279,0.3553888372944788,0.35785896266139094,0.36032908802830305,0.36773946412903946,0.38009009096360014,0.3924407177981608,0.3998510938988972,0.4023212192658093,0.23702724435944766,0.2771310736036873,0.39744256133640604,0.597961707557604,0.798480853778802,0.9187923415115208,0.9588961707557604,0.01226342139799125,0.0245268427959825,0.061317106989956245,0.12263421397991249,0.18395132096986874,0.22074158516384249,0.23300500656183373,0.04915980656711255,0.0983196131342251,0.24579903283556273,0.49159806567112546,0.7373970985066882,0.8848765182080258,0.9340363247751383,0.0,0.0,0.0,0.4909122251454546,0.9821673705537446,0.9827846270268484,0.9829903791845497,0.0,0.0,0.0,0.0,0.2466177847805202,0.6905297973854567,0.8385004682537683,-0.19692341511520806,-0.19692341511520806,-0.19692341511520806,-0.19692341511520806,-0.19692341511520806,-0.19692341511520806,-0.19692341511520806,-0.1927381621357278,-0.1927381621357278,-0.1927381621357278,-0.1927381621357278,-0.1927381621357278,-0.1927381621357278,-0.1927381621357278,0.0,0.0,0.33886819897636644,0.3225683353263369,1
1,2,3,1.9554198299294647e-16,3.996797651061684e-16,0.23006410757644394,0.0,0.0,0.0,0.0,0.0,0.0,0.0,0.0,0.0,0.0,0.0,0.0,0.0,0.0,0.0,0.0,0.3553888372944788,0.3521852079910279,0.20468650475899905,0.21244959440279004,0.23573886333416302,0.274554311553118,0.31336975977207293,0.33665902870344594,0.3444221183472369,0.35785896266139094,0.36032908802830305,0.36773946412903946,0.38009009096360014,0.3924407177981608,0.3998510938988972,0.4023212192658093,0.0,0.0,0.0,0.0,0.0,0.0,0.0,0.01226342139799125,0.0245268427959825,0.061317106989956245,0.12263421397991249,0.18395132096986874,0.22074158516384249,0.23300500656183373,0.0,0.0,0.0,0.12325220766551019,0.4314960962787855,0.7644811219847628,0.8754761305534215,0.0,0.0,0.0,0.0,0.2454561125727273,0.6872771152036365,0.8345507827472725,-0.1927381621357278,-0.1927381621357278,-0.1927381621357278,-0.1927381621357278,-0.1927381621357278,-0.1927381621357278,-0.1927381621357278,-0.3974437080815604,-0.3974437080815604,-0.3974437080815604,-0.3974437080815604,-0.3974437080815604,-0.3974437080815604,-0.3974437080815604,0.0,0.0,0.3225683353263369,0.33886819897636644,0
2,1,0,0.006692155036901793,-1.1270179174332419e-16,0.0,0.0,0.0,0.0,0.0,0.0,0.0,0.0,0.0,0.0,0.0,0.0,0.0,0.0,0.0,0.0,0.0,0.0,0.0,0.3406508279854064,0.3406833127024383,0.3407807668535341,0.34094319043869364,0.3411056140238532,0.341203068174949,0.3412355528919809,0.0,0.0,0.0,0.0,0.0,0.0,0.0,0.34148034758739965,0.3415670461232739,0.3418271417308967,0.342260634410268,0.34269412708963926,0.34295422269726206,0.3430409212331363,0.0,0.0,0.0,0.0,0.0,0.0,0.0,0.0,0.0,0.0,0.011691777203898723,0.26342540535673237,0.6955007370648154,0.8395258476341758,0.23886388280400855,0.25695737096533505,0.31123783544931455,0.342260634410268,0.5046818701232263,0.7954795207608146,0.8924120709733437,-0.342475083018834,-0.342475083018834,-0.342475083018834,-0.342475083018834,-0.342475083018834,-0.342475083018834,-0.342475083018834,0.0012792618590539984,0.0012792618590539984,0.0012792618590539984,0.0012792618590539984,0.0012792618590539984,0.0012792618590539984,0.0012792618590539984,0.0,0.0,0.0,0.0,1
2,0,1,-1.1270179174332419e-16,2.6054080673016137e-17,0.0,0.0,0.0,0.0,0.0,0.0,0.0,0.0,0.0,0.0,0.0,0.0,0.0,0.0,0.0,0.0,0.0,0.0,0.0,0.0,0.0,0.0,0.0,0.0,0.0,0.0,0.017063401880450642,0.034126803760901284,0.0853170094022532,0.1706340188045064,0.25595102820675963,0.30714123384811154,0.3242046357285622,0.0,0.0,0.0,0.0,0.0,0.0,0.0,0.01715638098845053,0.03431276197690106,0.08578190494225264,0.1715638098845053,0.25734571482675794,0.30881485779210954,0.32597123878056,0.0,0.0,0.0,0.17141975038196636,0.504465780869418,0.7953930850592913,0.8923688531225821,0.0,0.0,0.0,0.0,0.24588773955088428,0.6884856707424761,0.8360183144730062,0.0,0.0,0.0,0.0,0.0,0.0,0.0,-0.342475083018834,-0.342475083018834,-0.342475083018834,-0.342475083018834,-0.342475083018834,-0.342475083018834,-0.342475083018834,0.0,0.0,0.0,0.0,0
2,2,0,0.031290672322150735,1.1393765908543117e-17,0.0,0.0,0.0,0.0,0.0,0.0,0.0,0.0,0.0,0.0,0.0,0.0,0.0,0.0,0.0,0.0,0.0,0.0,0.0,0.26244850509041884,0.30121437324355466,0.4175119777029622,0.6113413184686415,0.8051706592343207,0.9214682636937284,0.9602341318468641,0.0,0.0,0.0,0.0,0.0,0.0,0.0,0.25919910596984164,0.2976278172970012,0.4129139512784799,0.6050575079142777,0.7972010645500756,0.9124871985315542,0.9509159098587138,0.0,0.0,0.0,0.0,0.0,0.0,0.0,0.0,0.0,0.0,0.0,0.04287415595766823,0.12004763668147106,0.1457721302560719,0.23886388280400855,0.25695737096533505,0.31123783544931455,0.342260634410268,0.5046818701232263,0.7954795207608146,0.8924120709733437,-0.3412680376090128,-0.3412680376090128,-0.3412680376090128,-0.3412680376090128,-0.3412680376090128,-0.3412680376090128,-0.3412680376090128,0.0012792618590539984,0.0012792618590539984,0.0012792618590539984,0.0012792618590539984,0.0012792618590539984,0.0012792618590539984,0.0012792618590539984,0.0,0.0,0.0,0.0,1
2,0,2,1.1393765908543117e-17,2.7199018408114387e-17,0.0,0.0,0.0,0.0,0.0,0.0,0.0,0.0,0.0,0.0,0.0,0.0,0.0,0.0,0.0,0.0,0.0,0.0,0.0,0.0,0.0,0.0,0.0,0.0,0.0,0.0,0.04995,0.0999,0.24975,0.4995,0.74925,0.8991,0.94905,0.0,0.0,0.0,0.0,0.0,0.0,0.0,0.049467231059293675,0.09893446211858735,0.24733615529646835,0.4946723105929367,0.7420084658894051,0.890410159067286,0.9398773901265797,0.0,0.0,0.0,0.17141975038196636,0.504465780869418,0.7953930850592913,0.8923688531225821,0.0,0.0,0.0,0.0,0.0,0.0,0.0,0.0,0.0,0.0,0.0,0.0,0.0,0.0,-0.3412680376090128,-0.3412680376090128,-0.3412680376090128,-0.3412680376090128,-0.3412680376090128,-0.3412680376090128,-0.3412680376090128,0.0,0.0,0.0,0.0,0
2,2,1,1.982504847789467e-16,8.041656943811269e-17,0.17052997018532104,0.0,0.0,0.0,0.0,0.0,0.0,0.0,0.0,0.0,0.0,0.0,0.0,0.0,0.0,0.0,0.0,0.3412680376090128,0.342475083018834,0.3753013288678923,0.4081275747169506,0.5066063122641256,0.670737541509417,0.8348687707547084,0.9333475083018834,0.9661737541509416,0.37415463572856217,0.4070412338481115,0.5057010282067596,0.6701340188045064,0.8345670094022533,0.9332268037609013,0.9661134018804506,0.04917754791017686,0.09835509582035372,0.24588773955088428,0.49177547910176855,0.7376632186526528,0.8851958623831834,0.9343734102933602,0.04917606071922029,0.09835212143844058,0.24588030359610144,0.4917606071922029,0.7376409107883043,0.8851690929459652,0.9343451536651854,0.0,0.0,0.0,0.0,0.24588030359610144,0.6884648500690842,0.8359930322267446,0.0,0.0,0.0,0.0,0.24588773955088428,0.6884856707424761,0.8360183144730062,-0.3412680376090128,-0.3412680376090128,-0.3412680376090128,-0.3412680376090128,-0.3412680376090128,-0.3412680376090128,-0.3412680376090128,-0.342475083018834,-0.342475083018834,-0.342475083018834,-0.342475083018834,-0.342475083018834,-0.342475083018834,-0.342475083018834,0.0,0.0,0.3583989323256169,0.3393542184560955,1
2,1,2,8.041656943811269e-17,1.982504847789467e-16,0.1746373648219269,0.0,0.0,0.0,0.0,0.0,0.0,0.0,0.0,0.0,0.0,0.0,0.0,0.0,0.0,0.0,0.0,0.342475083018834,0.3412680376090128,0.37415463572856217,0.4070412338481115,0.5057010282067596,0.6701340188045064,0.8345670094022533,0.9332268037609013,0.9661134018804506,0.3753013288678923,0.4081275747169506,0.5066063122641256,0.670737541509417,0.8348687707547084,0.9333475083018834,0.9661737541509416,0.04917606071922029,0.09835212143844058,0.24588030359610144,0.4917606071922029,0.7376409107883043,0.8851690929459652,0.9343451536651854,0.04917754791017686,0.09835509582035372,0.24588773955088428,0.49177547910176855,0.7376632186526528,0.8851958623831834,0.9343734102933602,0.0,0.0,0.0,0.0,0.24588773955088428,0.6884856707424761,0.8360183144730062,0.0,0.0,0.0,0.0,0.24588030359610144,0.6884648500690842,0.8359930322267446,-0.342475083018834,-0.342475083018834,-0.342475083018834,-0.342475083018834,-0.342475083018834,-0.342475083018834,-0.342475083018834,-0.3412680376090128,-0.3412680376090128,-0.3412680376090128,-0.3412680376090128,-0.3412680376090128,-0.3412680376090128,-0.3412680376090128,0.0,0.0,0.3393542184560955,0.3583989323256169,0
2,3,0,0.06807318846520308,0.08214682310974761,0.0,0.0,0.0,0.0,0.0,0.0,0.0,0.0,0.0,0.0,0.0,0.0,0.0,0.0,0.0,0.0,0.0,0.0,0.0,0.2576557160638129,0.2966738362709806,0.41372819689248386,0.6088187979283226,0.8039093989641612,0.9209637595856646,0.9599818797928322,0.0,0.0,0.0,0.0,0.0,0.0,0.0,0.26317213437783704,0.30138236995933715,0.4160130767038374,0.6070642546113378,0.7981154325188383,0.9127461392633387,0.9509563748448386,0.0,0.0,0.0,0.0,0.0,0.0,0.0,0.0,0.0,0.0,0.08552857149716507,0.3748178374752837,0.7415870875410002,0.8638435042295719,0.23886388280400855,0.25695737096533505,0.31123783544931455,0.342260634410268,0.5046818701232263,0.7954795207608146,0.8924120709733437,-0.17141794002450386,-0.17141794002450386,-0.17141794002450386,-0.17141794002450386,-0.17141794002450386,-0.17141794002450386,-0.17141794002450386,0.0012792618590539984,0.0012792618590539984,0.0012792618590539984,0.0012792618590539984,0.0012792618590539984,0.0012792618590539984,0.0012792618590539984,0.0,0.0,0.0,0.0,1
2,0,3,-4.544491685815546e-16,-1.2642427382624357e-16,0.0,0.0,0.0,0.0,0.0,0.0,0.0,0.0,0.0,0.0,0.0,0.0,0.0,0.0,0.0,0.0,0.0,0.0,0.0,0.0,0.0,0.0,0.0,0.0,0.0,0.0,0.010931879792832257,0.021863759585664513,0.054659398964161277,0.10931879792832255,0.16397819689248383,0.1967738362709806,0.20770571606381283,0.0,0.0,0.0,0.0,0.0,0.0,0.0,0.01124809493981685,0.0224961898796337,0.05624047469908424,0.11248094939816848,0.16872142409725271,0.20246570891670326,0.2137138038565201,0.0,0.0,0.0,0.11038519732134103,0.2512876711729947,0.30621876892755756,0.3245291348457451,0.0,0.0,0.0,0.0,0.04368029465869198,0.12230482504433757,0.14851300183955266,0.0,0.0,0.0,0.0,0.0,0.0,0.0,-0.3406183432683745,-0.3406183432683745,-0.3406183432683745,-0.3406183432683745,-0.3406183432683745,-0.3406183432683745,-0.3406183432683745,0.0,0.0,0.0,0.0,0
2,3,1,-1.014796383704209e-15,0.23983197910852178,0.16834038696334944,0.0,0.0,0.0,0.0,0.0,0.0,0.0,0.0,0.0,0.0,0.0,0.0,0.0,0.0,0.0,0.0,0.3406183432683745,0.3428289848666094,0.22484716530714333,0.23105673475764155,0.24968544310913618,0.28073329036162725,0.3117811376141183,0.33040984596561296,0.3366194154161112,0.37415463572856217,0.4070412338481115,0.5057010282067596,0.6701340188045064,0.8345670094022533,0.9332268037609013,0.9661134018804506,0.00139562969948207,0.00279125939896414,0.006978148497410349,0.013956296994820698,0.020934445492231047,0.025121334590677256,0.026516964290159324,0.2116799095040287,0.25230267601372725,0.3741709755428229,0.5772848080913158,0.7803986406398085,0.9022669401689042,0.9428897066786026,0.1716067483403958,0.17215635368646148,0.17380516972465848,0.5791168259115346,0.984159335120762,0.9853236865991915,0.9857118037586678,0.0,0.0,0.0,0.0,0.24588773955088428,0.6884856707424761,0.8360183144730062,-0.17141794002450386,-0.17141794002450386,-0.17141794002450386,-0.17141794002450386,-0.17141794002450386,-0.17141794002450386,-0.17141794002450386,-0.342475083018834,-0.342475083018834,-0.342475083018834,-0.342475083018834,-0.342475083018834,-0.342475083018834,-0.342475083018834,0.0,0.0,0.33499033829940716,0.324383653036154,1
2,1,3,-2.093258079158427e-17,-1.014796383704209e-15,0.16862321585214213,0.0,0.0,0.0,0.0,0.0,0.0,0.0,0.0,0.0,0.0,0.0,0.0,0.0,0.0,0.0,0.0,0.3428289848666094,0.3406183432683745,0.37353742610495577,0.40645650894153706,0.5052137574512808,0.6698091716341872,0.8344045858170936,0.9331618343268374,0.9660809171634187,0.22484716530714333,0.23105673475764155,0.24968544310913618,0.28073329036162725,0.3117811376141183,0.33040984596561296,0.3366194154161112,0.049175623659415066,0.09835124731883013,0.24587811829707532,0.49175623659415063,0.737634354891226,0.8851612258694712,0.9343368495288862,0.00139562969948207,0.00279125939896414,0.006978148497410349,0.013956296994820698,0.020934445492231047,0.025121334590677256,0.026516964290159324,0.0,0.0,0.0,0.0,0.0058458886019493615,0.016368488085458217,0.01987602124662782,0.0,0.0,0.0,0.08736058931738395,0.3769190022731512,0.7408750848222414,0.8621937790052709,-0.342475083018834,-0.342475083018834,-0.342475083018834,-0.342475083018834,-0.342475083018834,-0.342475083018834,-0.342475083018834,-0.3406183432683745,-0.3406183432683745,-0.3406183432683745,-0.3406183432683745,-0.3406183432683745,-0.3406183432683745,-0.3406183432683745,0.0,0.0,0.324383653036154,0.33499033829940716,0
2,3,2,-1.8105636074347107e-16,0.10547458264095383,0.021324316914774467,0.0,0.0,0.0,0.0,0.0,0.0,0.0,0.0,0.0,0.0,0.0,0.0,0.0,0.0,0.0,0.0,0.22368263693728296,0.2186375958566451,0.22484716530714333,0.23105673475764155,0.24968544310913618,0.28073329036162725,0.3117811376141183,0.33040984596561296,0.3366194154161112,0.3753013288678923,0.4081275747169506,0.5066063122641256,0.670737541509417,0.8348687707547084,0.9333475083018834,0.9661737541509416,0.008623737126401066,0.017247474252802132,0.04311868563200533,0.08623737126401065,0.12935605689601598,0.15522726827521918,0.16385100540162023,0.21529011574893675,0.25585905286310556,0.377565864205612,0.5804105497764561,0.7832552353473002,0.9049620466898067,0.9455309838039755,0.1716067483403958,0.17215635368646148,0.17380516972465848,0.5791168259115346,0.984159335120762,0.9853236865991915,0.9857118037586678,0.0,0.0,0.0,0.0,0.24588030359610144,0.6884648500690842,0.8359930322267446,-0.17141794002450386,-0.17141794002450386,-0.17141794002450386,-0.17141794002450386,-0.17141794002450386,-0.17141794002450386,-0.17141794002450386,-0.3412680376090128,-0.3412680376090128,-0.3412680376090128,-0.3412680376090128,-0.3412680376090128,-0.3412680376090128,-0.3412680376090128,0.0,0.0,0.22918146987766208,0.2342079479750162,1
2,2,3,-9.879651684813571e-17,-1.8105636074347107e-16,0.025965903471795965,0.0,0.0,0.0,0.0,0.0,0.0,0.0,0.0,0.0,0.0,0.0,0.0,0.0,0.0,0.0,0.0,0.2186375958566451,0.22368263693728296,0.2296222592413605,0.23556188154543806,0.2533807484576707,0.2830788599780585,0.31277697149844624,0.3305958384106789,0.33653546071475643,0.22484716530714333,0.23105673475764155,0.24968544310913618,0.28073329036162725,0.3117811376141183,0.33040984596561296,0.3366194154161112,0.008736058931738396,0.017472117863476792,0.04368029465869198,0.08736058931738395,0.13104088397607594,0.15724906077129114,0.1659851197030295,0.008623737126401066,0.017247474252802132,0.04311868563200533,0.08623737126401065,0.12935605689601598,0.15522726827521918,0.16385100540162023,0.0,0.0,0.0,0.08574831191533645,0.37450277146910615,0.7399138372182861,0.8617175258013455,0.0,0.0,0.0,0.08736058931738395,0.3769190022731512,0.7408750848222414,0.8621937790052709,-0.3412680376090128,-0.3412680376090128,-0.3412680376090128,-0.3412680376090128,-0.3412680376090128,-0.3412680376090128,-0.3412680376090128,-0.3406183432683745,-0.3406183432683745,-0.3406183432683745,-0.3406183432683745,-0.3406183432683745,-0.3406183432683745,-0.3406183432683745,0.0,0.0,0.2342079479750162,0.22918146987766208,0
3,1,0,0.3804930761306115,1.1252262757714256e-16,0.4864758205963094,0.0,0.0,0.0,0.0,0.0,0.0,0.0,0.0,0.0,0.0,0.0,0.0,0.0,0.0,0.0,0.0,0.7304916245704585,0.7304388832979534,0.1768800892164869,0.22014955820509285,0.3499579651709107,0.5663053101139405,0.7826526550569702,0.9124610620227881,0.955730531011394,0.7439170433419355,0.7573424621134126,0.7976187184278438,0.8647458122852292,0.9318729061426146,0.9721491624570459,0.9855745812285229,0.05893881297734657,0.1063970431602483,0.24877173370895347,0.4860628846234621,0.7233540355379707,0.865728726086676,0.9131869562695776,0.048032630551457615,0.09606526110291523,0.24016315275728806,0.4803263055145761,0.7204894582718642,0.864587349926237,0.9126199804776945,0.0,0.0,0.0,0.0,0.044869681928703324,0.12563510940036934,0.15255691855759124,0.0,0.0,0.0,0.005740291397222424,0.24877173370895347,0.6758958053550692,0.8182704959037739,-0.7304916245704585,-0.7304916245704585,-0.7304916245704585,-0.7304916245704585,-0.7304916245704585,-0.7304916245704585,-0.7304916245704585,-0.11966930310077185,-0.11966930310077185,-0.11966930310077185,-0.11966930310077185,-0.11966930310077185,-0.11966930310077185,-0.11966930310077185,0.06527404759094108,0.0,0.7124138328672058,0.7399679036094347,1
3,0,1,2.8939253579679763e-16,-1.6829708084300474e-16,0.48865749829920097,0.0,0.0,0.0,0.0,0.0,0.0,0.0,0.0,0.0,0.0,0.0,0.0,0.0,0.0,0.0,0.0,0.7304388832979534,0.7304916245704585,0.14786920051313923,0.17853353862141919,0.27052655294625905,0.42384824348765887,0.5771699340290587,0.6691629483538986,0.6998272864621785,0.7438669391330557,0.757294994968158,0.797579162473465,0.8647194416489767,0.9318597208244883,0.9721438883297954,0.9855719441648977,0.00043592173762490005,0.0008718434752498001,0.0021796086881245,0.004359217376249,0.006538826064373501,0.0078465912772482,0.0082825130148731,0.04803225932262397,0.09606451864524794,0.24016129661311983,0.48032259322623966,0.7204838898393595,0.8645806678072314,0.9126129271298553,0.0,0.0,0.0,0.08647350997771396,0.36987156157969076,0.724335736503364,0.8424904614779213,0.0,0.0,0.0,0.0,0.0021796086881245,0.006102904326748601,0.007410669539623297,-0.7304388832979534,-0.7304388832979534,-0.7304388832979534,-0.7304388832979534,-0.7304388832979534,-0.7304388832979534,-0.7304388832979534,-0.2640830818804004,-0.2640830818804004,-0.2640830818804004,-0.2640830818804004,-0.2640830818804004,-0.2640830818804004,-0.2640830818804004,0.0,0.0,0.7399679036094347,0.7124138328672058,0
3,2,0,-11653071163476.469,2.0781956289791402e-17,0.15766824795019593,0.0,0.0,0.0,0.0,0.0,0.0,0.0,0.0,0.0,0.0,0.0,0.0,0.0,0.0,0.0,0.0,0.2861614588623371,0.2822988089462314,0.17454239160045587,0.21793489730569504,0.3481124144214125,0.5650749429476083,0.7820374714738042,0.9122149885895217,0.9556074942947608,0.32180338591922025,0.35744531297610344,0.4643710941467528,0.6425807294311685,0.8207903647155843,0.9277161458862337,0.9633580729431168,0.05580516703940259,0.10469980250116641,0.25138370888645784,0.49585688619527685,0.7403300635040959,0.8870139698893873,0.9359086053511511,0.04924419527305768,0.09848839054611536,0.24622097636528836,0.4924419527305767,0.7386629290958651,0.8863955149150381,0.9356397101880958,0.0,0.0,0.0,0.0,0.17119504338530006,0.47934612147884026,0.58206314751002,0.0,0.0,0.0,0.0034552657888193877,0.25138370888645784,0.6914354280423323,0.8381193344276232,-0.2861614588623371,-0.2861614588623371,-0.2861614588623371,-0.2861614588623371,-0.2861614588623371,-0.2861614588623371,-0.2861614588623371,-0.11966930310077185,-0.11966930310077185,-0.11966930310077185,-0.11966930310077185,-0.11966930310077185,-0.11966930310077185,-0.11966930310077185,0.0,0.0,0.2658210157537737,0.27953158399386513,1
3,0,2,-8.430175466914157e-17,-8.045233180386573e-16,0.16063863616826674,0.0,0.0,0.0,0.0,0.0,0.0,0.0,0.0,0.0,0.0,0.0,0.0,0.0,0.0,0.0,0.0,0.2822988089462314,0.2861614588623371,0.12565269222773318,0.13410052205060707,0.15944401151922874,0.2016831606335982,0.24392230974796766,0.26926579921658933,0.27771362903946323,0.13870733204776745,0.14626477820031816,0.16893711665797037,0.20672434742072404,0.2445115781834777,0.2671839166411299,0.27474136279368067,0.018767051179427577,0.037534102358855154,0.09383525589713787,0.18767051179427574,0.2815057676914136,0.33780692122969636,0.3565739724091239,0.0003455265788819388,0.0006910531577638775,0.0017276328944096939,0.0034552657888193877,0.005182898683229082,0.006219478419874898,0.006565004998756836,0.0,0.0,0.0,0.005740291397222424,0.05184719208469061,0.12450708880713302,0.1487270543812804,0.0,0.0,0.0,0.18767051179427574,0.4017529280019698,0.4492943559461229,0.46514149859417386,-0.7304388832979534,-0.7304388832979534,-0.7304388832979534,-0.7304388832979534,-0.7304388832979534,-0.7304388832979534,-0.7304388832979534,-0.010992833081455933,-0.010992833081455933,-0.010992833081455933,-0.010992833081455933,-0.010992833081455933,-0.010992833081455933,-0.010992833081455933,0.0,0.0,0.27953158399386513,0.2658210157537737,0
3,2,1,-2.0234506770769105e-16,-2.2651680053265734e-16,0.0,0.0,0.0,0.0,0.0,0.0,0.0,0.0,0.0,0.0,0.0,0.0,0.0,0.0,0.0,0.0,0.0,0.13361062022788095,0.1311498858952167,0.018268383367173506,0.02420951507917578,0.0420329102151826,0.07173856877519397,0.10144422733520533,0.11926762247121216,0.12520875418321442,0.1634520333813846,0.1932934465348882,0.282817685995399,0.43202475176291716,0.5812318175304353,0.6707560569909461,0.7005974701444497,0.01511462019596874,0.03022924039193748,0.0755731009798437,0.1511462019596874,0.22671930293953108,0.2720631635274373,0.287177783723406,0.034280626926633175,0.06856125385326635,0.17140313463316587,0.34280626926633173,0.5142094038994975,0.6170512846793972,0.6513319116060302,0.0,0.0,0.0,0.18767051179427574,0.45270081107671367,0.5919484285554056,0.6383643010483028,0.0,0.0,0.0,0.004359217376249,0.0821119270442172,0.2142202131693118,0.25825630854434317,-0.2861614588623371,-0.2861614588623371,-0.2861614588623371,-0.2861614588623371,-0.2861614588623371,-0.2861614588623371,-0.2861614588623371,-0.2640830818804004,-0.2640830818804004,-0.2640830818804004,-0.2640830818804004,-0.2640830818804004,-0.2640830818804004,-0.2640830818804004,0.0,0.0,0.12011944823832521,0.13311070000268332,1
3,1,2,-2.3627935915642344e-16,-1.2156849675212793e-16,0.0,0.0,0.0,0.0,0.0,0.0,0.0,0.0,0.0,0.0,0.0,0.0,0.0,0.0,0.0,0.0,0.0,0.1311498858952167,0.13361062022788095,0.14008362326350662,0.1465566262991323,0.16597563540600932,0.1983406505841377,0.23070566576226606,0.2501246748691431,0.25659767790476873,0.13870733204776745,0.14626477820031816,0.16893711665797037,0.20672434742072404,0.2445115781834777,0.2671839166411299,0.27474136279368067,0.024049432062111246,0.04809886412422249,0.12024716031055623,0.24049432062111245,0.3607414809316687,0.4328897771180024,0.45693920918011366,0.008988752680404872,0.017977505360809744,0.04494376340202436,0.08988752680404873,0.1348312902060731,0.1617975482472877,0.17078630092769256,0.0,0.0,0.0,0.004359217376249,0.05140850799307682,0.12825063982611873,0.15386468377046594,0.0,0.0,0.0,0.18767051179427574,0.4017529280019698,0.4492943559461229,0.46514149859417386,-0.7304916245704585,-0.7304916245704585,-0.7304916245704585,-0.7304916245704585,-0.7304916245704585,-0.7304916245704585,-0.7304916245704585,-0.010992833081455933,-0.010992833081455933,-0.010992833081455933,-0.010992833081455933,-0.010992833081455933,-0.010992833081455933,-0.010992833081455933,0.0,0.0,0.13311070000268332,0.12011944823832521,0
3,3,0,-0.06347805937846862,-0.14743308509028935,0.0,0.0,0.0,0.0,0.0,0.0,0.0,0.0,0.0,0.0,0.0,0.0,0.0,0.0,0.0,0.0,0.0,0.11720486240485928,0.12021656279547088,0.023647345521403157,0.03630185796135038,0.07426539528119205,0.13753795748092817,0.2008105196806643,0.23877405700050597,0.25142856944045316,0.3083779671477432,0.33059447543314924,0.39724400028936746,0.5083265417163978,0.6194090831434281,0.6860586079996464,0.7082751162850524,0.17655125995276674,0.18328847584524507,0.20350012352268002,0.2371862029850716,0.2708722824474632,0.29108393012489814,0.2978211460173764,0.49909944654872734,0.5090704851391831,0.5389836009105504,0.5888387938628292,0.638693986815108,0.6686071025864753,0.678578141176931,0.3880134650948368,0.38809814212848853,0.38835217322944354,0.686873175471367,0.9861870539885119,0.9878682623848659,0.9884286651836506,0.007596039260159686,0.008281546942680598,0.01033806999024333,0.4860628846234621,0.9666847000425882,0.9775558245047843,0.9811795326588496,0.2543181678333042,0.2543181678333042,0.2543181678333042,0.2543181678333042,0.2543181678333042,0.2543181678333042,0.2543181678333042,-0.11966930310077185,-0.11966930310077185,-0.11966930310077185,-0.11966930310077185,-0.11966930310077185,-0.11966930310077185,-0.11966930310077185,0.0,0.0,0.12567019209098484,0.11717429092939424,1
3,0,3,-1.730960308234843e-16,4.322878527656785e-16,0.0,0.0,0.0,0.0,0.0,0.0,0.0,0.0,0.0,0.0,0.0,0.0,0.0,0.0,0.0,0.0,0.0,0.12021656279547088,0.11720486240485928,0.12565269222773318,0.13410052205060707,0.15944401151922874,0.2016831606335982,0.24392230974796766,0.26926579921658933,0.27771362903946323,0.12740988874971737,0.13460321470396383,0.15618319256670327,0.19214982233793565,0.22811645210916803,0.24969642997190747,0.25688975592615393,0.02445642039791358,0.04891284079582716,0.12228210198956789,0.24456420397913578,0.36684630596870366,0.4402155671624444,0.46467198756035794,0.008490702203014422,0.016981404406028845,0.04245351101507211,0.08490702203014422,0.12736053304521633,0.15283263965425958,0.161323341857274,0.0,0.0,0.0,0.005740291397222424,0.05184719208469061,0.12450708880713302,0.1487270543812804,0.0,0.0,0.0,0.19424665080943151,0.4136520782037152,0.45893787605644903,0.47403314200736024,-0.7304388832979534,-0.7304388832979534,-0.7304388832979534,-0.7304388832979534,-0.7304388832979534,-0.7304388832979534,-0.7304388832979534,-0.012327251655171234,-0.012327251655171234,-0.012327251655171234,-0.012327251655171234,-0.012327251655171234,-0.012327251655171234,-0.012327251655171234,0.0,0.0,0.11717429092939424,0.12567019209098484,0
3,3,1,2.818787329562376e-16,-0.376200919036642,0.15584239473270248,0.0,0.0,0.0,0.0,0.0,0.0,0.0,0.0,0.0,0.0,0.0,0.0,0.0,0.0,0.0,0.0,0.26307068094039443,0.2640830818804004,0.3008289277863804,0.3375747736923604,0.4478123114103003,0.6315415409402002,0.8152707704701001,0.9255083081880401,0.9622541540940199,0.1768800892164869,0.22014955820509285,0.3499579651709107,0.5663053101139405,0.7826526550569702,0.9124610620227881,0.955730531011394,0.04926365187981581,0.09852730375963162,0.24631825939907903,0.49263651879815806,0.7389547781972371,0.8867457338366845,0.9360093857165003,0.4183312890041134,0.4481692763893638,0.5376832385451149,0.686873175471367,0.8360631123976189,0.92557707455337,0.9554150619386204,0.0,0.0,0.0,0.19396439403059257,0.5372598533768566,0.8060557709450652,0.8956544101344678,0.0,0.0,0.0,0.0,0.0755731009798437,0.21160468274356242,0.25694854333146844,0.2543181678333042,0.2543181678333042,0.2543181678333042,0.2543181678333042,0.2543181678333042,0.2543181678333042,0.2543181678333042,-0.2640830818804004,-0.2640830818804004,-0.2640830818804004,-0.2640830818804004,-0.2640830818804004,-0.2640830818804004,-0.2640830818804004,0.0,0.0,0.25906135119971174,0.2517628770162823,1
3,1,3,-1.6127557780430976e-16,3.862519619740869e-16,0.1518932024083427,0.0,0.0,0.0,0.0,0.0,0.0,0.0,0.0,0.0,0.0,0.0,0.0,0.0,0.0,0.0,0.0,0.2640830818804004,0.26307068094039443,0.14008362326350662,0.1465566262991323,0.16597563540600932,0.1983406505841377,0.23070566576226606,0.2501246748691431,0.25659767790476873,0.12740988874971737,0.13460321470396383,0.15618319256670327,0.19214982233793565,0.22811645210916803,0.24969642997190747,0.25688975592615393,0.019424665080943152,0.038849330161886304,0.09712332540471576,0.19424665080943151,0.2913699762141473,0.34964397145697673,0.3690686365379199,0.0003844630375527566,0.0007689260751055132,0.001922315187763783,0.003844630375527566,0.005766945563291349,0.006920334675949619,0.007304797713502375,0.0,0.0,0.0,0.004359217376249,0.05140850799307682,0.12825063982611873,0.15386468377046594,0.0,0.0,0.0,0.19424665080943151,0.4136520782037152,0.45893787605644903,0.47403314200736024,-0.7304916245704585,-0.7304916245704585,-0.7304916245704585,-0.7304916245704585,-0.7304916245704585,-0.7304916245704585,-0.7304916245704585,-0.012327251655171234,-0.012327251655171234,-0.012327251655171234,-0.012327251655171234,-0.012327251655171234,-0.012327251655171234,-0.012327251655171234,0.0,0.0,0.2517628770162823,0.25906135119971174,0
3,3,2,6.132644106429588e-17,-10430059536375.416,0.2860144013198781,0.0,0.0,0.0,0.0,0.0,0.0,0.0,0.0,0.0,0.0,0.0,0.0,0.0,0.0,0.0,0.0,0.012327251655171234,0.010992833081455933,0.06039319142738314,0.10979354977331035,0.2579946248110919,0.5049964165407279,0.751998208270364,0.9001992833081456,0.9495996416540727,0.17454239160045587,0.21793489730569504,0.3481124144214125,0.5650749429476083,0.7820374714738042,0.9122149885895217,0.9556074942947608,0.04944871702578579,0.09889743405157159,0.24724358512892897,0.49448717025785793,0.7417307553867869,0.8900769064641443,0.9395256234899301,0.41798180205724766,0.44803481605331014,0.5381938580414977,0.6884589280218102,0.8387239980021227,0.9288830399903103,0.9589360539863727,0.0,0.0,0.0,0.19424665080943151,0.538617243209756,0.8088403380733638,0.8989147030278992,0.0,0.0,0.0,0.0,0.12024716031055623,0.3366920488695575,0.408840345055891,0.2543181678333042,0.2543181678333042,0.2543181678333042,0.2543181678333042,0.2543181678333042,0.2543181678333042,0.2543181678333042,-0.010992833081455933,-0.010992833081455933,-0.010992833081455933,-0.010992833081455933,-0.010992833081455933,-0.010992833081455933,-0.010992833081455933,0.0,0.0,0.004641469566709744,0.01677264603736206,1
3,2,3,-0.10238698117572112,-2.430535253660072e-16,0.2895461837524004,0.0,0.0,0.0,0.0,0.0,0.0,0.0,0.0,0.0,0.0,0.0,0.0,0.0,0.0,0.0,0.0,0.010992833081455933,0.012327251655171234,0.061660889072412677,0.11099452648965412,0.2589954387413784,0.5056636258275856,0.7523318129137928,0.9003327251655171,0.9496663625827585,0.01645401956715668,0.021915206052857426,0.03829876550995967,0.06560469793846341,0.09291063036696715,0.1092941898240694,0.11475537630977013,0.04944945339912177,0.09889890679824354,0.2472472669956088,0.4944945339912176,0.7417418009868264,0.8900901611841917,0.9395396145833135,0.01888323781529802,0.03776647563059604,0.09441618907649009,0.18883237815298018,0.2832485672294703,0.3398982806753643,0.3587815184906623,0.0,0.0,0.0,0.0,0.09383525589713787,0.2627387165119861,0.3190398700502686,0.0,0.0,0.0,0.24456420397913578,0.6140935729643124,0.8390308699751863,0.9140099689788105,-0.2861614588623371,-0.2861614588623371,-0.2861614588623371,-0.2861614588623371,-0.2861614588623371,-0.2861614588623371,-0.2861614588623371,-0.012327251655171234,-0.012327251655171234,-0.012327251655171234,-0.012327251655171234,-0.012327251655171234,-0.012327251655171234,-0.012327251655171234,0.0,0.0,0.01677264603736206,0.004641469566709744,0
4,1,0,0.35916878611448977,2.2569768112843557e-16,0.4639812121758003,0.0,0.0,0.0,0.0,0.0,0.0,0.0,0.0,0.0,0.0,0.0,0.0,0.0,0.0,0.0,0.0,0.4665336833129866,0.464570227720831,0.4611761139384425,0.48948263425747185,0.5744021952145598,0.7159347968097065,0.8574673984048533,0.9423869593619413,0.9706934796809706,0.4931569991473373,0.519780314981688,0.59965026248474,0.7327668416564933,0.8658834208282467,0.9457533683312986,0.9723766841656493,0.332681105987369,0.36673786647065243,0.46890814792050284,0.6391919503369202,0.8094757527533376,0.911646034203188,0.9457027946864713,0.04899162086861938,0.09798324173723875,0.24495810434309687,0.48991620868619373,0.7348743130292906,0.8818491756351488,0.930840796503768,0.0,0.0,0.0,0.0,0.0,0.0,0.0,0.0,0.0,0.0,0.14931217275204275,0.46890814792050284,0.7754189922700542,0.8775892737199043,-0.4665336833129866,-0.4665336833129866,-0.4665336833129866,-0.4665336833129866,-0.4665336833129866,-0.4665336833129866,-0.4665336833129866,-0.1379287219231306,-0.1379287219231306,-0.1379287219231306,-0.1379287219231306,-0.1379287219231306,-0.1379287219231306,-0.1379287219231306,0.0,0.0,0.4415555049844254,0.45365750028873897,1
4,0,1,7.714005841002739e-16,-2.9444772984206356e-17,0.4662352362655647,0.0,0.0,0.0,0.0,0.0,0.0,0.0,0.0,0.0,0.0,0.0,0.0,0.0,0.0,0.0,0.0,0.464570227720831,0.4665336833129866,0.18718070560424932,0.2018834939047092,0.24599185880608876,0.31950580030838804,0.39301974181068733,0.4371281067120669,0.45183089501252677,0.49129171633478946,0.5180132049487479,0.5981776707906232,0.7317851138604154,0.8653925569302078,0.9455570227720831,0.9722785113860415,0.0,0.0,0.0,0.0,0.0,0.0,0.0,0.04898797775848775,0.0979759555169755,0.24493988879243872,0.48987977758487744,0.7348196663773161,0.8817835996527794,0.930771577411267,0.0,0.0,0.0,0.14931217275204275,0.46890814792050284,0.7754189922700542,0.8775892737199043,0.0,0.0,0.0,0.0,0.0,0.0,0.0,-0.464570227720831,-0.464570227720831,-0.464570227720831,-0.464570227720831,-0.464570227720831,-0.464570227720831,-0.464570227720831,-0.4365530674272161,-0.4365530674272161,-0.4365530674272161,-0.4365530674272161,-0.4365530674272161,-0.4365530674272161,-0.4365530674272161,0.0,0.0,0.45365750028873897,0.4415555049844254,0
4,2,0,-0.016067418116535694,3.440526336564187e-16,0.04940299121587975,0.0,0.0,0.0,0.0,0.0,0.0,0.0,0.0,0.0,0.0,0.0,0.0,0.0,0.0,0.0,0.0,0.17247791730378947,0.17444207785192178,0.46467541405585533,0.4927977606844945,0.5771648005704121,0.7177765337136081,0.858388266856804,0.9427553067427217,0.9708776533713608,0.18718070560424932,0.2018834939047092,0.24599185880608876,0.31950580030838804,0.39301974181068733,0.4371281067120669,0.45183089501252677,0.32928182933950295,0.3638915234769359,0.46772060588923475,0.6407690765763996,0.8138175472635644,0.9176466296758632,0.9522563238132962,0.016583879483681802,0.033167758967363604,0.08291939741840901,0.16583879483681802,0.24875819225522702,0.29850983070627246,0.3150937101899542,0.0,0.0,0.0,0.0,0.24520443855604554,0.6865724279569276,0.8336950910905545,0.2952649667473723,0.2958577982926746,0.2976362929285816,0.6391919503369202,0.9815361708649984,0.9847340791164368,0.985800048533583,-0.43286959361941313,-0.43286959361941313,-0.43286959361941313,-0.43286959361941313,-0.43286959361941313,-0.43286959361941313,-0.43286959361941313,-0.1379287219231306,-0.1379287219231306,-0.1379287219231306,-0.1379287219231306,-0.1379287219231306,-0.1379287219231306,-0.1379287219231306,0.0,0.0,0.19436311126250216,0.17632610384983738,1
4,0,2,3.440526336564187e-16,3.9592765285538986e-16,0.04960760438088521,0.0,0.0,0.0,0.0,0.0,0.0,0.0,0.0,0.0,0.0,0.0,0.0,0.0,0.0,0.0,0.0,0.17444207785192178,0.17247791730378947,0.18718070560424932,0.2018834939047092,0.24599185880608876,0.31950580030838804,0.39301974181068733,0.4371281067120669,0.45183089501252677,0.1875476273306865,0.20065317680945122,0.23996982524574537,0.30549757263956895,0.3710253200333925,0.4103419684696867,0.42344751794845137,0.016583879483681802,0.033167758967363604,0.08291939741840901,0.16583879483681802,0.24875819225522702,0.29850983070627246,0.3150937101899542,0.014733606760103499,0.029467213520206998,0.0736680338005175,0.147336067601035,0.22100410140155247,0.265204921681863,0.2799385284419665,0.0,0.0,0.0,0.14931217275204275,0.46890814792050284,0.7754189922700542,0.8775892737199043,0.0,0.0,0.0,0.16583879483681802,0.49396263081127256,0.7860757048590185,0.8834467295416,-0.464570227720831,-0.464570227720831,-0.464570227720831,-0.464570227720831,-0.464570227720831,-0.464570227720831,-0.464570227720831,-0.43286959361941313,-0.43286959361941313,-0.43286959361941313,-0.43286959361941313,-0.43286959361941313,-0.43286959361941313,-0.43286959361941313,0.0,0.0,0.17632610384983738,0.19436311126250216,0
4,2,1,1.460823729264352e-16,2.2281940877679607e-16,0.4361025677663213,0.0,0.0,0.0,0.0,0.0,0.0,0.0,0.0,0.0,0.0,0.0,0.0,0.0,0.0,0.0,0.0,0.43286959361941313,0.4365530674272161,0.46467541405585533,0.4927977606844945,0.5771648005704121,0.7177765337136081,0.858388266856804,0.9427553067427217,0.9708776533713608,0.4611761139384425,0.48948263425747185,0.5744021952145598,0.7159347968097065,0.8574673984048533,0.9423869593619413,0.9706934796809706,0.04904700914400045,0.0980940182880009,0.24523504572000226,0.49047009144000453,0.7357051371600067,0.8828461645920082,0.9318931737360086,0.04904088771120911,0.09808177542241822,0.24520443855604554,0.4904088771120911,0.7356133156681366,0.8827359788017639,0.931776866512973,0.0,0.0,0.0,0.0,0.24520443855604554,0.6865724279569276,0.8336950910905545,0.0,0.0,0.0,0.0,0.24523504572000226,0.6866581280160065,0.8337991554480073,-0.43286959361941313,-0.43286959361941313,-0.43286959361941313,-0.43286959361941313,-0.43286959361941313,-0.43286959361941313,-0.43286959361941313,-0.4365530674272161,-0.4365530674272161,-0.4365530674272161,-0.4365530674272161,-0.4365530674272161,-0.4365530674272161,-0.4365530674272161,0.0,0.0,0.45539486504189886,0.43150426660503516,1
4,1,2,2.2281940877679607e-16,6.543699779797088e-17,0.4336551160693949,0.0,0.0,0.0,0.0,0.0,0.0,0.0,0.0,0.0,0.0,0.0,0.0,0.0,0.0,0.0,0.0,0.4365530674272161,0.43286959361941313,0.4611761139384425,0.48948263425747185,0.5744021952145598,0.7159347968097065,0.8574673984048533,0.9423869593619413,0.9706934796809706,0.1875476273306865,0.20065317680945122,0.23996982524574537,0.30549757263956895,0.3710253200333925,0.4103419684696867,0.42344751794845137,0.04904088771120911,0.09808177542241822,0.24520443855604554,0.4904088771120911,0.7356133156681366,0.8827359788017639,0.931776866512973,0.0,0.0,0.0,0.0,0.0,0.0,0.0,0.0,0.0,0.0,0.0,0.0,0.0,0.0,0.0,0.0,0.0,0.16583879483681802,0.49396263081127256,0.7860757048590185,0.8834467295416,-0.4665336833129866,-0.4665336833129866,-0.4665336833129866,-0.4665336833129866,-0.4665336833129866,-0.4665336833129866,-0.4665336833129866,-0.43286959361941313,-0.43286959361941313,-0.43286959361941313,-0.43286959361941313,-0.43286959361941313,-0.43286959361941313,-0.43286959361941313,0.0,0.0,0.43150426660503516,0.45539486504189886,0
4,3,0,-0.39582541643820846,-0.11825263767966533,0.22248761572986755,0.22248761572986755,0.0,0.0,0.0,0.0,0.0,0.0,0.0,0.0,0.011007463849161864,0.02201492769832373,0.05503731924580932,0.11007463849161864,0.16511195773742796,0.19813434928491355,0.2091418131340754,0.0912653938884107,0.09495979927778164,0.005439334804408492,0.010878669608816983,0.027196674022042455,0.05439334804408491,0.08159002206612737,0.09790802647935284,0.10334736128376132,0.2138040214386,0.2551301255734105,0.3791084379778421,0.5857389586518947,0.7923694793259474,0.916347791730379,0.9576738958651895,0.049629579299064426,0.04963653157160897,0.0496573883892426,0.049692149751965314,0.04972691111468802,0.04974776793232165,0.049754720204866196,0.15844284497527036,0.2021026252521623,0.3330819660828381,0.5513808674672978,0.7696797688517574,0.9006591096824331,0.944318889959325,0.16843352055961713,0.22208397642085584,0.38303534400457195,0.48665011670808545,0.6225841553725342,0.8417102016859337,0.9147522171237333,0.0,0.0,0.0,0.147336067601035,0.46772060588923475,0.7792078531261315,0.88303693553843,-0.0577633494314302,-0.0577633494314302,-0.0577633494314302,-0.0577633494314302,-0.0577633494314302,-0.0577633494314302,-0.0577633494314302,-0.1379287219231306,-0.1379287219231306,-0.1379287219231306,-0.1379287219231306,-0.1379287219231306,-0.1379287219231306,-0.1379287219231306,0.22676620748091936,0.02257691622333441,0.1248211212517436,0.0954485440915207,1
4,0,3,1.7113703158427707e-16,-1.769370663131745e-16,0.22014927698323727,0.0,0.0,0.0,0.0,0.0,0.0,0.0,0.0,0.0,0.0,0.0,0.0,0.0,0.0,0.0,0.0,0.09495979927778164,0.0912653938884107,0.09532602005917964,0.09938664622994858,0.1115685247422554,0.1318716555961001,0.15217478644994478,0.1643566649622516,0.16841729113302054,0.0047479899638890825,0.009495979927778165,0.02373994981944541,0.04747989963889082,0.07121984945833623,0.08546381935000348,0.09021180931389255,0.005739153234918921,0.011478306469837843,0.028695766174594607,0.057391532349189214,0.08608729852378383,0.10330475822854059,0.1090439114634595,0.002488083623870537,0.004976167247741074,0.012440418119352684,0.024880836238705368,0.037321254358058054,0.04478550522966966,0.047273588853540195,0.0,0.0,0.0,0.024371165521309943,0.11121283465798629,0.22365974116564585,0.26114204333486557,0.0,0.0,0.0,0.057391532349189214,0.20504750112795456,0.3675234867011916,0.4216821485589371,-0.464570227720831,-0.464570227720831,-0.464570227720831,-0.464570227720831,-0.464570227720831,-0.464570227720831,-0.464570227720831,-0.11218290201556369,-0.11218290201556369,-0.11218290201556369,-0.11218290201556369,-0.11218290201556369,-0.11218290201556369,-0.11218290201556369,0.0,0.0,0.0954485440915207,0.1248211212517436,0
4,3,1,-3.872684802309652e-16,0.7702945334819938,0.23520048995258389,0.0,0.23776431437993212,0.011760024497629196,0.02352004899525839,0.05880012248814597,0.11760024497629194,0.1764003674644379,0.2116804409573255,0.2234404654549547,0.0,0.0,0.0,0.0,0.0,0.0,0.0,0.0,0.0,0.005439334804408492,0.010878669608816983,0.027196674022042455,0.05439334804408491,0.08159002206612737,0.09790802647935284,0.10334736128376132,0.43445462532448403,0.43603965702955494,0.4407947521447676,0.44871991067012207,0.45664506919547654,0.4614001643106892,0.4629851960157601,0.00904071604881979,0.01808143209763958,0.04520358024409894,0.09040716048819789,0.13561074073229684,0.1627328888787562,0.17177360492757598,0.4772412703405721,0.4786417302644614,0.482843110036129,0.48984540965557516,0.4968477092750213,0.501049089046689,0.5024495489705781,0.16843352055961713,0.22208397642085584,0.38303534400457195,0.48665011670808545,0.6225841553725342,0.8417102016859337,0.9147522171237333,0.0,0.0,0.0,0.0,0.24523504572000226,0.6866581280160065,0.8337991554480073,-0.0577633494314302,-0.0577633494314302,-0.0577633494314302,-0.0577633494314302,-0.0577633494314302,-0.0577633494314302,-0.0577633494314302,-0.4365530674272161,-0.4365530674272161,-0.4365530674272161,-0.4365530674272161,-0.4365530674272161,-0.4365530674272161,-0.4365530674272161,0.0,0.21975257081947883,0.0,0.0,1
4,1,3,-4.3812185984912874e-16,-2.782800506575908e-17,0.23776431437993212,0.0,0.0,0.0,0.0,0.0,0.0,0.0,0.0,0.0,0.0,0.0,0.0,0.0,0.0,0.0,0.0,0.0,0.0,0.02164347968097066,0.04328695936194132,0.10821739840485328,0.21643479680970656,0.32465219521455985,0.3895826342574718,0.41122611393844244,0.0047479899638890825,0.009495979927778165,0.02373994981944541,0.04747989963889082,0.07121984945833623,0.08546381935000348,0.09021180931389255,0.023792040520834147,0.047584081041668294,0.11896020260417073,0.23792040520834146,0.3568806078125122,0.42825672937501463,0.45204876989584875,0.008100290373798285,0.01620058074759657,0.04050145186899142,0.08100290373798284,0.12150435560697426,0.14580522672836913,0.1539055171021674,0.0,0.0,0.0,0.0,0.04064919954741464,0.11381775873276101,0.13820727846120973,0.0,0.0,0.0,0.057391532349189214,0.20504750112795456,0.3675234867011916,0.4216821485589371,-0.4665336833129866,-0.4665336833129866,-0.4665336833129866,-0.4665336833129866,-0.4665336833129866,-0.4665336833129866,-0.4665336833129866,-0.11218290201556369,-0.11218290201556369,-0.11218290201556369,-0.11218290201556369,-0.11218290201556369,-0.11218290201556369,-0.11218290201556369,0.0,0.0,0.0,0.0,0
4,3,2,2.229512641536697e-16,-0.13514783734970848,0.23510013306101032,0.0,0.0,0.0,0.0,0.0,0.0,0.0,0.0,0.0,0.0,0.0,0.0,0.0,0.0,0.0,0.0,0.11218290201556369,0.10878669608816982,0.005439334804408492,0.010878669608816983,0.027196674022042455,0.05439334804408491,0.08159002206612737,0.09790802647935284,0.10334736128376132,0.2156699739593257,0.2568978700667296,0.38058155838894137,0.586721038925961,0.7928605194629804,0.9165442077851922,0.957772103892596,0.002472377065176478,0.004944754130352956,0.012361885325882388,0.024723770651764777,0.03708565597764717,0.0445027871731766,0.04697516423835307,0.15836855110681797,0.2020225343412767,0.3329844840446528,0.5512544002169463,0.7695243163892398,0.900486266092616,0.9441402493270745,0.16843352055961713,0.22208397642085584,0.38303534400457195,0.48665011670808545,0.6225841553725342,0.8417102016859337,0.9147522171237333,0.0,0.0,0.0,0.0,0.08291939741840901,0.23217431277154527,0.2819259512225905,-0.0577633494314302,-0.0577633494314302,-0.0577633494314302,-0.0577633494314302,-0.0577633494314302,-0.0577633494314302,-0.0577633494314302,-0.43286959361941313,-0.43286959361941313,-0.43286959361941313,-0.43286959361941313,-0.43286959361941313,-0.43286959361941313,-0.43286959361941313,0.0,0.0,0.10747715712611272,0.12319733859210713,1
4,2,3,4.704106357685975e-17,2.229512641536697e-16,0.2376527787772076,0.0,0.0,0.0,0.0,0.0,0.0,0.0,0.0,0.0,0.0,0.0,0.0,0.0,0.0,0.0,0.0,0.10878669608816982,0.11218290201556369,0.1565237569147855,0.20086461181400733,0.33388717651167277,0.5555914510077818,0.7772957255038909,0.9103182902015564,0.9546591451007781,0.005439334804408492,0.010878669608816983,0.027196674022042455,0.05439334804408491,0.08159002206612737,0.09790802647935284,0.10334736128376132,0.04938971162807667,0.09877942325615334,0.24694855814038333,0.49389711628076666,0.74084567442115,0.88901480930538,0.9384045209334566,0.002472377065176478,0.004944754130352956,0.012361885325882388,0.024723770651764777,0.03708565597764717,0.0445027871731766,0.04697516423835307,0.0,0.0,0.0,0.0,0.011895395273386011,0.03330710676548084,0.04044434392951242,0.0,0.0,0.0,0.23792040520834146,0.6038291659528955,0.8342082059180783,0.9110012192398056,-0.43286959361941313,-0.43286959361941313,-0.43286959361941313,-0.43286959361941313,-0.43286959361941313,-0.43286959361941313,-0.43286959361941313,-0.11218290201556369,-0.11218290201556369,-0.11218290201556369,-0.11218290201556369,-0.11218290201556369,-0.11218290201556369,-0.11218290201556369,0.0,0.0,0.12319733859210713,0.10747715712611272,0
